Smiles	p_value_original	p_value_trained	active_entry_original	inactive_entry_original	active_entry_trained	inactive_entry_trained	category
N=C(OC)N	1,7E-22	0E0	96.0	3.0	0.0	0.0	2
FC1=CC=C(N)C=C1	2,22E-9	0E0	32.0	0.0	0.0	0.0	2
N=C(NCCN(C)C)C	5,31E-9	0E0	39.0	2.0	0.0	0.0	2
O=S(=O)(N)N	0,01327	0E0	12.0	2.0	0.0	0.0	5
FC1=CC=C(C=C1)C(=N)C	6,1E-15	0E0	77.0	6.0	0.0	0.0	2
N(C)C(CC)CC(C)C	4,6E-10	0E0	72.0	12.0	0.0	0.0	5
O=C(C)COC	0,00123	0E0	14.0	1.0	0.0	0.0	5
N1(CC)CC(C)(C)CC(C)(C)C1C(C)C	0,02386	0E0	6.0	0.0	0.0	0.0	5
OC=1C=CC(=CC=1(OC))CC	0,00647	0E0	11.0	1.0	0.0	0.0	5
C=CC(=CC)C1=CC=CC(=C1)C	0,00016	0E0	14.0	0.0	0.0	0.0	2
C1=CC=C(C=C1)CN2CC(C)(C)C2	0,00106	0E0	17.0	2.0	0.0	0.0	5
O=C(OC)C(C)(C)CC	0,02386	0E0	6.0	0.0	0.0	0.0	5
OC(=NCC(=C)C)CC	0,02386	0E0	6.0	0.0	0.0	0.0	2
O=C(N1CCC2(CC1)(CCN(C)CC2))CO	0,00005	0E0	28.0	4.0	0.0	0.0	5
O=C(OC)N2CCC1(CN(CC)CCC1)(CC2)	0,00198	0E0	10.0	0.0	0.0	0.0	5
OC(CC)C(C)C	1,7E-10	0E0	55.0	5.0	0.0	0.0	5
O=C(O)C(N)CCCN	0,00198	0E0	10.0	0.0	0.0	0.0	5
O=C(OC(O)C)C	0,0345	0E0	10.0	2.0	0.0	0.0	5
C=C(N)C(=C(C)C)I	0,00647	0E0	11.0	1.0	0.0	0.0	5
O=C(N2CCCC1(CN(C(=N)O)CC1)(C2))C	0,00015	0E0	37.0	9.0	0.0	0.0	5
C=CC(C)C(C)C	0,02151	0E0	11.0	2.0	0.0	0.0	5
N=C(N)NC1=CC=CC=C1	0,00004	0E0	42.0	10.0	0.0	0.0	2
N=C(N=C(O)OC)N	0,02386	0E0	6.0	0.0	0.0	0.0	2
OC=CC(O)C	0,02386	0E0	6.0	0.0	0.0	0.0	5
O=N(O)C(=C)N	0,00215	0E0	13.0	1.0	0.0	0.0	5
FC=1C=CC(=CC=1(F))C(=N)C	0,00368	0E0	9.0	0.0	0.0	0.0	2
CC1CCC(C)(C(C)C)C(C)C1	0,00017	0E0	28.0	5.0	0.0	0.0	5
O=C(O)CNC	0,00492	0E0	14.0	2.0	0.0	0.0	5
N=C(C(C1=CC=CC(=C1)C)=C(O)C)C	3,90E-6	0E0	20.0	0.0	0.0	0.0	2
O=C1C(=C(O)N)C(=O)C(N(C)C)C(C)C1	0,00057	0E0	12.0	0.0	0.0	0.0	5
O=C1C=C(C(=O)C2=CC=CC=C12)C	0,00379	0E0	19.0	4.0	0.0	0.0	2
C=CC=1NC=C(C=1C)C	3,7E-12	0E0	82.0	12.0	0.0	0.0	2
NC(=C(CS)CS)C	0,00687	0E0	8.0	0.0	0.0	0.0	5
N1(C)CCC(C)(C)CC1	0,01327	0E0	12.0	2.0	0.0	0.0	5
C=C(CNC)S	7,7E-15	0E0	62.0	2.0	0.0	0.0	2
OC=CC(=C)C	7,7E-22	0E0	84.0	1.0	0.0	0.0	2
N=C(O)COC	2,15E-8	0E0	54.0	8.0	0.0	0.0	5
N1=CC=CC=C1	5,3E-21	0E0	155.0	24.0	0.0	0.0	2
O=C(C(=C)C)N2CCC1(CNC1)CC2	1,2E-10	0E0	98.0	22.0	0.0	0.0	5
N(C)(C)C(C(C)C)C(C)(C)C	0,01327	0E0	12.0	2.0	0.0	0.0	5
C=1C=C(C=C(C=1)C)N2CC(C2)(CC)CC	0,02151	0E0	11.0	2.0	0.0	0.0	2
C=C(C1=CC=C(N)C=C1C)C	0,0005	0E0	21.0	3.0	0.0	0.0	2
N=C(O)C(NC)C(O)C	0,00368	0E0	9.0	0.0	0.0	0.0	5
FC(F)(F)C(C=C)=C(N)C	0,02386	0E0	6.0	0.0	0.0	0.0	2
OCCCC	0,00198	0E0	10.0	0.0	0.0	0.0	2
CCC(C(C)C)C(C)C	7,7E-12	0E0	111.0	25.0	0.0	0.0	5
N=C(N)C(C=C)=CN	1,15E-7	0E0	30.0	1.0	0.0	0.0	2
N(=C(C=C)NC)C	7,4E-57	0E0	252.0	8.0	0.0	0.0	2
CCC1(C)(CCC(C)(C)CC1(C))	0,02386	0E0	6.0	0.0	0.0	0.0	5
OC=1C=CCC(=C)C=1CN	0,0128	0E0	7.0	0.0	0.0	0.0	2
N#CCCN	9,8E-17	0E0	103.0	12.0	0.0	0.0	2
N=C(C(=CC)SC)C	2,9E-16	0E0	89.0	8.0	0.0	0.0	2
N=N	0,00031	0E0	13.0	0.0	0.0	0.0	5
O=C(N1CCC(CC)(CC)CC1)CO	0,00005	0E0	28.0	4.0	0.0	0.0	5
O=C(C1=CC(=CC(=C1)C(F)(F)F)C(F)(F)F)N3CCC2(CN(C(=C)C)CCC2)(CC3)	0,02386	0E0	6.0	0.0	0.0	0.0	5
O=C(O)C(C=C)=C(O)C	0,0035	0E0	17.0	3.0	0.0	0.0	5
O=S(=O)(O)O	0,00001	0E0	18.0	0.0	0.0	0.0	5
OC(C)C(O)C(C)(C)C	0,0128	0E0	7.0	0.0	0.0	0.0	5
C=1C=C(C=CC=1CN(C)C)Cl	0,0128	0E0	7.0	0.0	0.0	0.0	2
O=C(C(C=C)=CC)N2CCC1(CN(C(N=C)=NC)CCC1)(CC2)	0,00687	0E0	8.0	0.0	0.0	0.0	2
N=C(O)C(CN)CC	0,00687	0E0	8.0	0.0	0.0	0.0	5
O=C(OCCN)C(=C)C	0,02151	0E0	11.0	2.0	0.0	0.0	2
O=C(C1=CC(=CC(=C1)C(F)(F)F)C(F)(F)F)N3CCC2(CNC2)CC3	0,00019	0E0	30.0	6.0	0.0	0.0	5
OC(OC(C)(C)C)(C)C	0,00647	0E0	11.0	1.0	0.0	0.0	5
N(C)CC	4,88E-9	0E0	87.0	21.0	0.0	0.0	2
OC(=C)C(=CC)CC(C=C)=C(O)C	0,00198	0E0	10.0	0.0	0.0	0.0	5
N(=C)N(C)(C)C	0,02386	0E0	6.0	0.0	0.0	0.0	5
C=C(C(=C(N)C)I)C	0,00368	0E0	9.0	0.0	0.0	0.0	5
OC(C)(C)C(C(=C)C)CC	0,02386	0E0	6.0	0.0	0.0	0.0	5
C(=C1CCN(C)CC1)(C)C	0,00198	0E0	10.0	0.0	0.0	0.0	5
OC(C)C(OC)N2C=NC1=C(N=CN=C12)NCC	0,00198	0E0	10.0	0.0	0.0	0.0	5
O(C)P	4,2E-12	0E0	65.0	6.0	0.0	0.0	5
O=C(C1=CC=CC=C1)N2CCC3(CC2)(CCN(C)CC3)	8,24E-6	0E0	26.0	2.0	0.0	0.0	5
O=C(C1=CC2=C(N1CCS)CCC2C)N3CCCC3	0,02386	0E0	6.0	0.0	0.0	0.0	5
N=C(O)N(C(=C)C)CC	0,00373	0E0	12.0	1.0	0.0	0.0	2
O=C(O)C1CC1(C(NS)C(=C)C)	0,02386	0E0	6.0	0.0	0.0	0.0	2
O=C1C=CC(=NN)C=C1	0,00687	0E0	8.0	0.0	0.0	0.0	5
N(C)C(CC)C(C)(C)C	0,02386	0E0	6.0	0.0	0.0	0.0	5
FC(F)(F)C1=CC=CC=C1C	1,2E-15	0E0	73.0	4.0	0.0	0.0	2
OC(C=1C=CC(=CC=1Cl)Cl)C	0,02386	0E0	6.0	0.0	0.0	0.0	2
OCC(NC)CC	0,00005	0E0	28.0	4.0	0.0	0.0	5
OC(=NC(C)(C)C)C	0,01327	0E0	12.0	2.0	0.0	0.0	5
O=C(O)CN	9,2E-11	0E0	53.0	4.0	0.0	0.0	5
N=1OC(=C(C=1C)C(=C)N)C	0,00001	0E0	18.0	0.0	0.0	0.0	2
OC(=C(C=C)C=C)C	0,00892	0E0	15.0	3.0	0.0	0.0	2
NC(C)S	1,44E-9	0E0	48.0	4.0	0.0	0.0	5
OC(C)(C)CCC	4,5E-13	0E0	99.0	17.0	0.0	0.0	5
OC1(C)(CCC(C(=C)C)C1(C)(C))	0,00215	0E0	13.0	1.0	0.0	0.0	5
CCCCCC(C)C	0,03233	0E0	8.0	1.0	0.0	0.0	5
C=C(C)C(C)(CC)C(C)C	8,27E-9	0E0	61.0	10.0	0.0	0.0	5
OC(=NCCC(=C)C)C	0,00217	0E0	18.0	3.0	0.0	0.0	2
O(C(=C)C)C=1C=C(C(=CC=1(OC))CC)C	0,02386	0E0	6.0	0.0	0.0	0.0	5
O=C(O)C(C(C)C)C(C)C	0,00031	0E0	13.0	0.0	0.0	0.0	5
O=C(C)CO	6,76E-7	0E0	27.0	1.0	0.0	0.0	5
O=C(C(=C)C)N2CCC1(CN(CC)CCC1)(CC2)	8,69E-6	0E0	50.0	12.0	0.0	0.0	5
OC(=C(OC)C(=C)C)C	0,01905	0E0	9.0	1.0	0.0	0.0	2
OC1=CC=CC=C1CC	0,00217	0E0	18.0	3.0	0.0	0.0	2
C=CC(=CC)NS	1,7E-16	0E0	80.0	5.0	0.0	0.0	2
O=C(OC(C=C)=CC)N2CCC1(CN(CC)CCC1)(CC2)	0,00198	0E0	10.0	0.0	0.0	0.0	5
O1C(C)C1C	0,00647	0E0	11.0	1.0	0.0	0.0	5
O=S(=O)(O)C(C)C	0,00687	0E0	8.0	0.0	0.0	0.0	5
N1=CC(=NC2=CC=CC=C12)C	0,01114	0E0	10.0	1.0	0.0	0.0	2
NCCCC(NC)CC	0,00169	0E0	25.0	6.0	0.0	0.0	5
C=C(C)C(C)C	0,0128	0E0	7.0	0.0	0.0	0.0	5
O=C(C(=CC)N(C)C)N1CCC2(CC1)(CCN(CC)CC2)	0,0345	0E0	10.0	2.0	0.0	0.0	5
OC(=C(OC1=CC=C(C=C1)C)C=C)C	0,0128	0E0	7.0	0.0	0.0	0.0	5
N(N)=C(OC)C(=C)C	0,02386	0E0	6.0	0.0	0.0	0.0	2
OC1CC(=CC)C(C)(C)CC1	0,00031	0E0	13.0	0.0	0.0	0.0	5
C=CC(=CN)C(=C)N	0,01327	0E0	12.0	2.0	0.0	0.0	2
OC=1C=CC(=CC=1CC)C	0,0128	0E0	7.0	0.0	0.0	0.0	5
O=S(=O)(N)C(C=C)=C(C)Cl	8,87E-7	0E0	30.0	2.0	0.0	0.0	5
C=1C=C(C=CC=1C)CN(CC)CC	0,00009	0E0	36.0	8.0	0.0	0.0	5
O=P(NC(C(=C)C)C(C)(C)C)(C1=CC=CC=C1)C2=CC=CC=C2	0,00687	0E0	8.0	0.0	0.0	0.0	2
O=C(N(C(=N)C)C(=C)C)C	9,3E-23	0E0	123.0	10.0	0.0	0.0	2
O=S(=O)(N)C1=CC=C(N)C=C1	7,12E-6	0E0	44.0	9.0	0.0	0.0	5
O=C(N(C(=O)C)C(=C)C)C	0,02386	0E0	6.0	0.0	0.0	0.0	5
C=C(C)[As]	0,00002	0E0	30.0	4.0	0.0	0.0	5
O=C(N3CCC2(CCN(C(O)=NC1=CC=CC(F)=C1)CC2)CC3)C	0,00063	0E0	18.0	2.0	0.0	0.0	5
N#CC1=CC=CC(=C1)C	7,2E-14	0E0	90.0	12.0	0.0	0.0	2
N=C(O)C(NC)C(C)C	0,00177	0E0	16.0	2.0	0.0	0.0	5
C=C1C(=CC)CCN(C)(C)C1	0,00687	0E0	8.0	0.0	0.0	0.0	5
NC(CC)C(C)C	7,29E-7	0E0	58.0	13.0	0.0	0.0	5
N=C(O)C1CCCCC1(N)	3,5E-11	0E0	61.0	6.0	0.0	0.0	5
O=C(O)C(C(O)C)C(C)C	0,00037	0E0	19.0	2.0	0.0	0.0	5
N=C(N)C1=CC=CC=C1Cl	2,09E-6	0E0	21.0	0.0	0.0	0.0	2
N=C(NCCC(=C)C)C	2,0E-16	0E0	58.0	0.0	0.0	0.0	2
CCCC(C)C	0,01327	0E0	12.0	2.0	0.0	0.0	5
N(=C)C1=C(N=CNC1(=NCC))N	0,01114	0E0	10.0	1.0	0.0	0.0	5
O=C(N3CCC2(CCN(C1=CC=CC(=C1)C)CC2)CC3)C	0,00177	0E0	16.0	2.0	0.0	0.0	2
O=C(OCCN(C)C)C	0,00915	0E0	17.0	4.0	0.0	0.0	2
O=C(OC)C	2,13E-9	0E0	89.0	21.0	0.0	0.0	5
C=C(C(NC)=C(C)I)I	0,02386	0E0	6.0	0.0	0.0	0.0	5
O1C=CC=C1CN	2,0E-11	0E0	65.0	7.0	0.0	0.0	2
N=C(O)NC=C	0,02386	0E0	6.0	0.0	0.0	0.0	5
O=C(C(=C)N)N2CCC1(CCN(C(O)=NC(C=C)=CC)CC1)CC2	0,01327	0E0	12.0	2.0	0.0	0.0	5
OC=1C=CC2=C(C=1(O))C(C)(C)CC(N)C2	0,00811	0E0	13.0	2.0	0.0	0.0	5
N1=CC=C(C=C1)N(C)C	7,12E-6	0E0	44.0	9.0	0.0	0.0	5
O=C(OC(C)C)C(C=C)=CC	0,0345	0E0	10.0	2.0	0.0	0.0	5
OC1=CC=CC(=C1)C(N=C)=CC	0,00368	0E0	9.0	0.0	0.0	0.0	2
N=C(N)C1=CC=CC=C1CN(C)C	6,03E-7	0E0	23.0	0.0	0.0	0.0	2
C=CCN(C)C	0,00123	0E0	14.0	1.0	0.0	0.0	5
N(=C)C=CS	5,03E-6	0E0	47.0	10.0	0.0	0.0	5
N=C(O)CC(N=C(O)C(CC)C(N)C)CC(C)C	2,09E-6	0E0	21.0	0.0	0.0	0.0	5
N=C(N)N(C)C	6,9E-26	0E0	178.0	24.0	0.0	0.0	2
O=C(O)CCC(C)C(C)C	0,00368	0E0	9.0	0.0	0.0	0.0	5
N(=C)C(=NC)N1CCN(C)CC1	1,68E-7	0E0	70.0	17.0	0.0	0.0	2
O=C(N3CCCC2(CN(C1=CC=CC(=C1)C)CC2)(C3))C	0,00687	0E0	8.0	0.0	0.0	0.0	2
O=C1C=C(OC(=C1(C=C))C)C	0,00106	0E0	11.0	0.0	0.0	0.0	2
C=C(C(=CN)CC(NC)CC)C	1,65E-7	0E0	42.0	5.0	0.0	0.0	5
C(=CC(C)(C)C)C	0,00001	0E0	36.0	6.0	0.0	0.0	5
OC(O)CC(O)C	0,00005	0E0	16.0	0.0	0.0	0.0	5
OCCN(CC)CC	0,00096	0E0	22.0	4.0	0.0	0.0	2
O=C1C=NC(=C)C(=NC)N1CC=2C=CC=C(O)C=2	0,00106	0E0	11.0	0.0	0.0	0.0	2
OC1CCC(C)(C)C2CCC(C)(C)C(CC)C12	0,02386	0E0	6.0	0.0	0.0	0.0	5
O=C(O)C(O)C(O)C	0,00647	0E0	11.0	1.0	0.0	0.0	5
OC=1C=CC=2NC=C(C=2(C=1))CC	4,8E-13	0E0	69.0	6.0	0.0	0.0	2
C=C(C(=CN)CCN)C	0,0128	0E0	7.0	0.0	0.0	0.0	2
OC(C)C(C=C)C	0,00215	0E0	13.0	1.0	0.0	0.0	5
N1=CC=CC(=C1)CN	2,0E-11	0E0	59.0	5.0	0.0	0.0	2
O=C(N1CCCC(C)(C)C1)C	0,01114	0E0	10.0	1.0	0.0	0.0	5
O=C1C=C(C(=O)C2=C(O)C(=CC(O)=C12)C)C	0,00198	0E0	10.0	0.0	0.0	0.0	5
O(C1=CC=CC(N)=C1)C	1,48E-9	0E0	51.0	5.0	0.0	0.0	2
N=C1NC=NC=C1(N)	2,07E-7	0E0	29.0	1.0	0.0	0.0	5
O=C(C)CC(C)(C)C	0,00004	0E0	20.0	1.0	0.0	0.0	5
O=C1C=CC(C)(C)CC1	5,24E-8	0E0	35.0	2.0	0.0	0.0	5
C(=CC(C)C)C	7,11E-8	0E0	49.0	7.0	0.0	0.0	5
OC(=NCC)C	4,48E-6	0E0	38.0	6.0	0.0	0.0	2
OC(C(C=C)=CC)(C)C	2,76E-8	0E0	56.0	9.0	0.0	0.0	5
N#CCCN(C(=O)C)C(=N)C	2,1E-17	0E0	103.0	11.0	0.0	0.0	2
OC(C)(C)C(N(C)C)CC	0,00217	0E0	18.0	3.0	0.0	0.0	5
O=C(O)C(C)C(C)C	0,0345	0E0	10.0	2.0	0.0	0.0	2
O=C2N=C(O)C=1N=C(NC=1N2C)C	0,00492	0E0	14.0	2.0	0.0	0.0	5
N=C(N)C=C(N)C	2,8E-32	0E0	155.0	8.0	0.0	0.0	2
C1=CC=C(C=C1)C(NC)C(C)(C)C	0,00001	0E0	43.0	9.0	0.0	0.0	2
OC(=NCCN)C	0,00003	0E0	29.0	4.0	0.0	0.0	2
O(C)C(CC)C(C)(C)C	5,05E-7	0E0	31.0	2.0	0.0	0.0	5
C=CC=2C1=CC=CC=C1CC=2C	0,00687	0E0	8.0	0.0	0.0	0.0	2
O=C(C(=CC)N(C)C)N1CCC2(CC1)(CCN(C(=C)C)CC2)	0,02386	0E0	6.0	0.0	0.0	0.0	2
C1=CC=C(C=C1)C(NC)C(C)C	0,00014	0E0	35.0	8.0	0.0	0.0	2
O=C(OC)C1CC1(C(NS)C(=C)C)	0,02386	0E0	6.0	0.0	0.0	0.0	2
OC(C=C)=CC	0,00198	0E0	10.0	0.0	0.0	0.0	2
N=1C=CN(C=1)C	4,7E-13	0E0	55.0	2.0	0.0	0.0	2
C1=CC=C2C(=C1)C(=C(C)C2)C	0,00647	0E0	11.0	1.0	0.0	0.0	2
OC(=CC(=C)Cl)C	2,9E-10	0E0	44.0	2.0	0.0	0.0	2
C=CC1=C(C=CC=C1Cl)C	0,0128	0E0	7.0	0.0	0.0	0.0	2
OC=1C=CC(=CC=1(O))CC(N)C	0,00368	0E0	9.0	0.0	0.0	0.0	5
OC=1C=C(C=C(OC)C=1(OC))C	0,0345	0E0	10.0	2.0	0.0	0.0	5
N(C(=C)C)=C(S)S	0,00215	0E0	13.0	1.0	0.0	0.0	2
O=C(CC)C(O)C	0,02386	0E0	6.0	0.0	0.0	0.0	5
O=C(C1=CC(=CC(=C1)C(F)(F)F)C(F)(F)F)N2CCCC3(C2)(CN(CC)CC3)	0,00001	0E0	18.0	0.0	0.0	0.0	2
O=C(O)C(=C(N)C)C(N)C	0,0128	0E0	7.0	0.0	0.0	0.0	2
C=C(C=1C=CC=C(C=1)N(C)C)C	0,00002	0E0	42.0	9.0	0.0	0.0	2
OC=2C=CC1=CC=CC=C1C=2CN	0,0128	0E0	7.0	0.0	0.0	0.0	2
C#CCCC	0,01114	0E0	10.0	1.0	0.0	0.0	2
NC1CCNCC1	0,00063	0E0	18.0	2.0	0.0	0.0	2
OC=1C=CC(=CC=1(OC(=C)C))CC(N)C	0,02386	0E0	6.0	0.0	0.0	0.0	5
CC1C(C)C1(C)(C)	0,02386	0E0	6.0	0.0	0.0	0.0	2
N=C(C(=C(C)[Si])CN)C	0,01905	0E0	9.0	1.0	0.0	0.0	2
O=S(=O)(O)C1=CC=CC(=C1)C	0,00687	0E0	8.0	0.0	0.0	0.0	5
N1CCN(C)CC1	3,6E-38	0E0	245.0	28.0	0.0	0.0	2
C1=CC=C(C=C1)NS	5,2E-21	0E0	75.0	0.0	0.0	0.0	2
OC(C)C(OC)C(O)(C)C	0,00373	0E0	12.0	1.0	0.0	0.0	5
O=C(OC)C1CC1(C)	0,00164	0E0	23.0	5.0	0.0	0.0	2
O(C1=CC=CC=C1CC)C	0,00215	0E0	13.0	1.0	0.0	0.0	2
N1=CC=CC(=C1)NC	0,02386	0E0	6.0	0.0	0.0	0.0	2
O=C(C(OC)=C(O)C)C	0,02386	0E0	6.0	0.0	0.0	0.0	2
OC1=CC=CC(=C1)C(C=C)=CC	7,28E-6	0E0	19.0	0.0	0.0	0.0	2
N=C(O)N1CC2(C1)(CCN(C)CC2)	0,00006	0E0	37.0	8.0	0.0	0.0	5
N=C(N)N1CCNCC1	4,2E-38	0E0	170.0	6.0	0.0	0.0	2
O=C(NC1=CC=C(O)C=C1)N2CC3(C2)(CCNCC3)	0,00005	0E0	16.0	0.0	0.0	0.0	5
FC(F)(F)C1=CC=C(C=C1)C(O)C	0,02386	0E0	6.0	0.0	0.0	0.0	5
C=C1C(=CC)CCNC1	0,00687	0E0	8.0	0.0	0.0	0.0	5
O=S(=O)(N)C=1C=C(C(=CC=1(N))Cl)S(=O)(=O)N	0,03233	0E0	8.0	1.0	0.0	0.0	5
O=S(=O)(C1=CC=C(N=C(O)C)C=C1)C	0,01905	0E0	9.0	1.0	0.0	0.0	5
OC1=CC=C(NC)C(=C1)C	1,5E-13	0E0	83.0	10.0	0.0	0.0	2
C=CCCCCCCC	0,00123	0E0	14.0	1.0	0.0	0.0	2
O=C(O)CC(O)C	0,00096	0E0	22.0	4.0	0.0	0.0	5
OC1=CC=C(C=C1CN(C(=C)C)CC)C(C)(C)C	0,02386	0E0	6.0	0.0	0.0	0.0	5
N(C)(C)C1CCCC1	0,02386	0E0	6.0	0.0	0.0	0.0	2
C=C(C1=CC=CC=C1C)Cl	0,02386	0E0	6.0	0.0	0.0	0.0	2
O=C(N2CCC1(CN(CC)CCC1)(CC2))CO	0,00057	0E0	12.0	0.0	0.0	0.0	5
C=C(C=1C=CC=C(C=1C)Cl)S	0,02386	0E0	6.0	0.0	0.0	0.0	2
FC(C(=CC)C(C)(C)C)C	0,0128	0E0	7.0	0.0	0.0	0.0	5
C=C(C)C(C=CCC)NC	0,00106	0E0	11.0	0.0	0.0	0.0	2
N=C(O)C(=CC)SC	0,01905	0E0	9.0	1.0	0.0	0.0	2
O=C1OCC(=C1)C	0,00373	0E0	12.0	1.0	0.0	0.0	5
C=C(C(N)=C(C)C)C	0,02386	0E0	6.0	0.0	0.0	0.0	2
NC1=CC=CC=C1C	0,00373	0E0	12.0	1.0	0.0	0.0	5
O=S(=O)(N)C(=CC)C(=C)N	0,02386	0E0	6.0	0.0	0.0	0.0	5
C=C(N)C=C(C)Cl	0,00391	0E0	21.0	5.0	0.0	0.0	2
O=C(O)CC	0,00373	0E0	12.0	1.0	0.0	0.0	5
FC(F)(C)C	0,00687	0E0	8.0	0.0	0.0	0.0	5
C=CSC(=C)C	2,9E-39	0E0	244.0	26.0	0.0	0.0	2
OC(=NC(CO)CC)C(C)C	0,00004	0E0	26.0	3.0	0.0	0.0	5
C=2C=C1NC=C3C1=C(C=2)C4CC(C)CN(C)C4(C3)	0,0128	0E0	7.0	0.0	0.0	0.0	5
OC(C)(C)C(CC)C(N)C	0,00057	0E0	12.0	0.0	0.0	0.0	5
C=1C=C(C=CC=1C)CN2CCC2	0,00647	0E0	11.0	1.0	0.0	0.0	5
OC(=NC1=CC=CC(=C1)C)N3CCC2(CCNCC2)CC3	0,00687	0E0	8.0	0.0	0.0	0.0	5
O=S(=O)(NCCC)C1=CC=CC(=C1(C=C))C	0,0345	0E0	10.0	2.0	0.0	0.0	2
OC(C)C(N=C)C(O)C	0,02386	0E0	6.0	0.0	0.0	0.0	5
O=S(=O)(CC)CC	0,00198	0E0	10.0	0.0	0.0	0.0	5
C=C(C(=CC)C1=CC=CC(=C1)C)Cl	0,00687	0E0	8.0	0.0	0.0	0.0	2
O1C=2C=CC(=CC=2(OC1))C(=C)C	5,00E-8	0E0	27.0	0.0	0.0	0.0	2
N1=CC=CC(=C1)C(=C)C	5,00E-8	0E0	27.0	0.0	0.0	0.0	2
OC(=C)C(=CC)C1=CC=CC(=C1)C	0,00003	0E0	17.0	0.0	0.0	0.0	2
O=C(N3CCC2(CCN(C1=CC=NC=C1)CC2)CC3)C	0,01327	0E0	12.0	2.0	0.0	0.0	5
OC(=C)C(=CC)CCN(C)C	0,00057	0E0	12.0	0.0	0.0	0.0	2
[O-]C.[Sb+].[H].[H]	0,00198	0E0	10.0	0.0	0.0	0.0	5
O=C(O)C(CC)CC	0,02151	0E0	11.0	2.0	0.0	0.0	5
C=CC(=CC)NC(=CC)C(=C)C	0,02386	0E0	6.0	0.0	0.0	0.0	2
O=C(C1=CC=C(OC)C=C1)N3CCC2(CN(CC)CCC2)(CC3)	0,0128	0E0	7.0	0.0	0.0	0.0	5
NCCN(C)C	0,00007	0E0	22.0	2.0	0.0	0.0	5
N=C(O)C(N=C(O)C(N)C)CC	0,00007	0E0	22.0	2.0	0.0	0.0	5
O=C(OC(C=C)=CC)N2CCC1(CN(C(=N)O)CCC1)(CC2)	0,00198	0E0	10.0	0.0	0.0	0.0	2
OCOC(=C)C	5,4E-25	0E0	202.0	35.0	0.0	0.0	2
O=C(N(C(=N)C)CCOC)C	9,3E-31	0E0	123.0	2.0	0.0	0.0	2
OC(C)C(O)(C)CC	0,0128	0E0	7.0	0.0	0.0	0.0	5
N1(C)CCN(CC1)C(C)C	0,00592	0E0	18.0	4.0	0.0	0.0	5
OC(=C)C(=CC)C(=C)N	0,00009	0E0	15.0	0.0	0.0	0.0	2
NC=CSC	2,08E-6	0E0	49.0	10.0	0.0	0.0	5
CCC1CCC(C)CC1(C)(C)	0,0003	0E0	29.0	6.0	0.0	0.0	5
FC(F)(F)C1=CC=CC=C1(C(N=C)=CC)	0,00031	0E0	13.0	0.0	0.0	0.0	2
O=C(N3CCCC2(CN(C(O)=NC1=CC=CC(=C1)C)CC2)(C3))C	0,01114	0E0	10.0	1.0	0.0	0.0	5
C=C(C)C(NC)C1CC1(CCCC)	0,00037	0E0	19.0	2.0	0.0	0.0	2
OC(=C)C(C=C)=CC	1,60E-6	0E0	54.0	12.0	0.0	0.0	2
OC1CCCC(C)C1(C(N)C)C(C)C	0,02386	0E0	6.0	0.0	0.0	0.0	5
O=C(C=1N=NSC=1)N2CCC3(CC2)(CCN(CC)CC3)	0,02386	0E0	6.0	0.0	0.0	0.0	5
O=C1N(C)C(CC)C2(O)(OC(N=C(O)C(CN)CC)(C(=O)N2(C1CC))C(C)C)	0,02386	0E0	6.0	0.0	0.0	0.0	5
C=CC(NC)C1=CC=CC=C1	0,00106	0E0	11.0	0.0	0.0	0.0	2
N#CC=1C=CC=C(C=1)C(=C)C	1,73E-7	0E0	25.0	0.0	0.0	0.0	2
CCC(CC)C(C)C	0,00008	0E0	32.0	6.0	0.0	0.0	5
NC(C)SC(C)(C)C	0,00001	0E0	22.0	1.0	0.0	0.0	5
O=C(OCC(=C)C)C(O)(C)C	0,0128	0E0	7.0	0.0	0.0	0.0	5
O=P(C1=CC=CC=C1)(C(=C)C)N(C)C	0,00687	0E0	8.0	0.0	0.0	0.0	5
O(C)CCOCC	3,92E-6	0E0	24.0	1.0	0.0	0.0	5
O=C(OC)N2CC5=C3C(CCC4C(OCC=1C=CC(F)=CC=1C(F)(F)F)OCC2(C)C34)C(CO)C(C)C5C	0,00368	0E0	9.0	0.0	0.0	0.0	2
OC(C)C(OC)CN	0,00031	0E0	13.0	0.0	0.0	0.0	5
N=C(O)CC	0,0035	0E0	17.0	3.0	0.0	0.0	5
C1=C(CC)C(C)(C)CC(C)C1	0,00013	0E0	21.0	2.0	0.0	0.0	5
O=C(C)CC(C)C	0,00005	0E0	28.0	4.0	0.0	0.0	5
N=NNCC	0,02386	0E0	6.0	0.0	0.0	0.0	5
C1=CC=C(C=C1)C(C2=CC=CC=C2)N4CCC3(CN(C)CCC3)(C4)	0,00022	0E0	20.0	2.0	0.0	0.0	2
O=C(C(=C)C)N2CCC1(CN(CC)C1)CC2	0,00111	0E0	26.0	6.0	0.0	0.0	5
O=C(OC(C)(C)C)N1CC4=C2C(CCC3C(OCC)OCC1(C)C23)C(CO)C(COC)C4C	0,00368	0E0	9.0	0.0	0.0	0.0	2
OC(=NC)C(O)C	0,00001	0E0	22.0	1.0	0.0	0.0	5
O(C)COC	1,3E-10	0E0	102.0	24.0	0.0	0.0	2
N1=CC=C(C=C1)N2CCC2	0,00031	0E0	13.0	0.0	0.0	0.0	5
C=C(C(=CC)C(=C)C)C	4,6E-25	0E0	264.0	62.0	0.0	0.0	2
OC(C=CC)C	0,00033	0E0	33.0	8.0	0.0	0.0	5
OCC(C)(C(O)C)C(C)C	0,02386	0E0	6.0	0.0	0.0	0.0	5
O=C(OC)CC	1,80E-7	0E0	59.0	12.0	0.0	0.0	5
O=S(=O)(O)C=1C=C(C=C(C=1(N))C)S	0,0345	0E0	10.0	2.0	0.0	0.0	2
O=S(=O)(C1=CC=CC=C1)N3CCC2(CN(CC)CCC2)(CC3)	0,01327	0E0	12.0	2.0	0.0	0.0	5
O=C(C)CC(N)C	0,02195	0E0	13.0	3.0	0.0	0.0	5
FC(F)(F)C1=NC(=N)NC(=C1)C	0,02386	0E0	6.0	0.0	0.0	0.0	5
O=C(N(C)C)C(O)C	0,02386	0E0	6.0	0.0	0.0	0.0	5
O=C(N)C1=CC(=C(N1CC2=CC=CC=C2)CC)C	0,02151	0E0	11.0	2.0	0.0	0.0	5
OC(=C(OC(C=C)=CC)C=C)C	0,0128	0E0	7.0	0.0	0.0	0.0	5
C=CC=C(C=CC)C(C(=CC=C)C=CC)N(CCC)CC(CN(C)C)CCC	0,01114	0E0	10.0	1.0	0.0	0.0	2
N=C(C(C(=C)N)=C(O)C)C	0,00001	0E0	18.0	0.0	0.0	0.0	2
O=C(C1=CC=CC=C1)N3CCC2(CN(CC)CCC2)(CC3)	0,00016	0E0	14.0	0.0	0.0	0.0	5
OCC1=CCN2CCC(OC)C12	0,02386	0E0	6.0	0.0	0.0	0.0	5
OC1CC(C)(C)C(CC)C2CCC(=CC)C(C)(C)C12	0,00373	0E0	12.0	1.0	0.0	0.0	5
FC(F)(F)C(=CC)C(=C)C	2,2E-44	0E0	219.0	12.0	0.0	0.0	2
C=C(C)C(CC)C(C)(C)C	2,75E-6	0E0	31.0	3.0	0.0	0.0	5
N=C(NC=C)C	3,8E-18	0E0	167.0	35.0	0.0	0.0	2
OC(C)CCN	0,00254	0E0	22.0	5.0	0.0	0.0	5
C(=CCCCC)CCC	0,00198	0E0	10.0	0.0	0.0	0.0	2
O=S(=O)(NC(=N)O)C	0,00198	0E0	10.0	0.0	0.0	0.0	5
OC(OC(=C)C)(C)C	0,01905	0E0	9.0	1.0	0.0	0.0	5
N(C)(C)CCN(CC)CC	0,02386	0E0	6.0	0.0	0.0	0.0	2
C=C(N)CC(N)C	0,00687	0E0	8.0	0.0	0.0	0.0	5
C=CC1=C(C(=C)C(=CC)C1)C	0,01114	0E0	10.0	1.0	0.0	0.0	2
O=C(C=1N=CC=NC=1)N2CCC(CC)(CC)CC2	0,02195	0E0	13.0	3.0	0.0	0.0	5
O=C(C(C=C)=CC)N1CCC2(CC1)(CCN(C)CC2)	0,00687	0E0	8.0	0.0	0.0	0.0	5
N=NN	0,00031	0E0	13.0	0.0	0.0	0.0	5
O=N(O)C1=CN=C(N1C)C	0,02386	0E0	6.0	0.0	0.0	0.0	5
C1=CC=C2C(=C1)C(=C(N2CC)C)C	0,00368	0E0	9.0	0.0	0.0	0.0	2
O=C(C1=CC2=C(N1CCF)CCC2C)N(C)C	0,02386	0E0	6.0	0.0	0.0	0.0	5
O=C1N(C)CC1(N)	1,6E-10	0E0	41.0	1.0	0.0	0.0	5
NN(C)CC(C)(C)C	0,02386	0E0	6.0	0.0	0.0	0.0	2
N=C(O)C(NC)C(=C)C	0,00687	0E0	8.0	0.0	0.0	0.0	5
O=C(C1=CC=NC=C1)N2CCC3(CC2)(CCN(CC)CC3)	0,0128	0E0	7.0	0.0	0.0	0.0	5
O1C=2C=CC(=CC=2(OC1))C(=C)N	0,02386	0E0	6.0	0.0	0.0	0.0	2
O=C(C1=C(O)C(C(O)=C)=C(C)CC1C)C	0,00687	0E0	8.0	0.0	0.0	0.0	5
O=C(C(=C(O)C)C(C)C)C	0,00063	0E0	18.0	2.0	0.0	0.0	5
NC(C)C1(C)(CC1(C(CC)CC))	0,00368	0E0	9.0	0.0	0.0	0.0	5
N=C(N)C(=NC)Cl	0,0128	0E0	7.0	0.0	0.0	0.0	2
O=S(=O)(O)C1=CC=C(C=C1)C	0,02151	0E0	11.0	2.0	0.0	0.0	5
N=C(N)N1CCOCC1	2,4E-12	0E0	88.0	14.0	0.0	0.0	2
O=C(O)N1CCC2(CC1)(CCN(CC)CC2)	0,00198	0E0	10.0	0.0	0.0	0.0	5
OC1=CC=CC(=C)C1	0,02386	0E0	6.0	0.0	0.0	0.0	2
O=C1CCC(C(C)C)C1(C)C	0,00373	0E0	12.0	1.0	0.0	0.0	5
N=C(N)NC=1C=CC=C(O)C=1	4,29E-9	0E0	49.0	5.0	0.0	0.0	2
O=C(N2CCC1(CN(C(=N)O)CCC1)(CC2))CO	0,00687	0E0	8.0	0.0	0.0	0.0	5
O=C(N(C(=O)C)C(C)C)C	0,01905	0E0	9.0	1.0	0.0	0.0	5
C(=C1CN(CC)C(C)CC1C)C	0,03233	0E0	8.0	1.0	0.0	0.0	5
C=C(C(=C(C)C)I)C	0,00687	0E0	8.0	0.0	0.0	0.0	5
N(=C)C(C(=C)N)=S	0,02386	0E0	6.0	0.0	0.0	0.0	5
NCC2(CN(C1=CC=CC(=C1)C)CC2)(CC)	0,00198	0E0	10.0	0.0	0.0	0.0	2
O=S(=O)(NC(C1=CC=CC=C1)C2CC2(C))C	0,02386	0E0	6.0	0.0	0.0	0.0	2
C=2C=C1C=CC=C(C1=C(C=2)C)C	0,03233	0E0	8.0	1.0	0.0	0.0	5
O=S(=O)(C1=CC=C(N)C=C1)C	0,0007	0E0	15.0	1.0	0.0	0.0	5
N=C(N1C=NC=C1)C	1,5E-11	0E0	40.0	0.0	0.0	0.0	2
OC(=C)C(=CC)CN1CCC1	0,0128	0E0	7.0	0.0	0.0	0.0	5
N(=C)C(=CC)C(C)C	0,0345	0E0	10.0	2.0	0.0	0.0	5
OCC(OC)C(O)C	9,4E-25	0E0	128.0	9.0	0.0	0.0	5
NC1CCCCC1(C)	0,00003	0E0	29.0	4.0	0.0	0.0	5
C=C(C)CNC	2,4E-50	0E0	340.0	42.0	0.0	0.0	2
N=C(NCCC(=C)N)C	0,00057	0E0	12.0	0.0	0.0	0.0	2
OC(C)C(CC)CC	0,00215	0E0	13.0	1.0	0.0	0.0	5
O=S(=O)(N)C2=CC=CC1=C2(C=CC=C1Cl)	0,02386	0E0	6.0	0.0	0.0	0.0	2
N(=C)C(=CC)C1=CC=CC(=C1)C	0,00198	0E0	10.0	0.0	0.0	0.0	2
N=NC(C(=N)N)(C)C	0,00687	0E0	8.0	0.0	0.0	0.0	5
O=C1C(=C)C(=CC)C(=O)N1C(C)C	0,00177	0E0	16.0	2.0	0.0	0.0	5
NNN	0,00915	0E0	17.0	4.0	0.0	0.0	5
OC1CCN(C)CC1	0,02386	0E0	6.0	0.0	0.0	0.0	5
OC(C)C(O)C(O)(C)C	0,02386	0E0	6.0	0.0	0.0	0.0	5
NCCC1=CNC(=CC)C1(=CC)	0,01905	0E0	9.0	1.0	0.0	0.0	2
N(C(=C)C)=C(C)C	5,E-123	0E0	885.0	118.0	0.0	0.0	2
O=S(=O)(C1=CC=CC=C1)C(=C)C	0,00492	0E0	14.0	2.0	0.0	0.0	5
C1=CC=C(C=C1)CN(CC)CC	6,23E-7	0E0	47.0	8.0	0.0	0.0	5
N1(CC)CC(CC)C(C)CC1C	0,00198	0E0	10.0	0.0	0.0	0.0	5
OC(O)CC(O)(C)C	0,0128	0E0	7.0	0.0	0.0	0.0	5
N=C(N)N1CCC(C)(C)CC1	0,00014	0E0	26.0	4.0	0.0	0.0	5
C1=C(C(C)C)C(C)(C)CC(C)C1	0,02386	0E0	6.0	0.0	0.0	0.0	5
OC(=NC)C(O)=C	0,03233	0E0	8.0	1.0	0.0	0.0	2
O=C(C1=CC2=C(N1CC(C=C)=C(Br)S)CC(C)C2C(N)(C)C)N(C)C	0,02386	0E0	6.0	0.0	0.0	0.0	5
N=1C=CN(C=1)CC	0,00373	0E0	12.0	1.0	0.0	0.0	2
O=C1C2=CC=CC=C2(C(=O)N1C)	0,00001	0E0	36.0	6.0	0.0	0.0	5
O=C(C(=N)C)N(C)C	9,E-104	0E0	813.0	125.0	0.0	0.0	2
C=C1CC(C)(C)CCC1(C)C(C)(C)C	0,00687	0E0	8.0	0.0	0.0	0.0	5
C=1C=C(C=C(C=1)C)N(CC)CC	0,00021	0E0	32.0	7.0	0.0	0.0	2
CN1(C)(CCCCC1)	0,02386	0E0	6.0	0.0	0.0	0.0	5
O=C(NC1=CC=C(OC)C=C1)N2CCCC3(C2)(CCN(C(=O)C)CC3)	0,01905	0E0	9.0	1.0	0.0	0.0	5
O=S(=O)(NC(=N)N)C(C=C)=CC	0,00198	0E0	10.0	0.0	0.0	0.0	5
N=C(N(C)CC)C	7,2E-16	0E0	66.0	2.0	0.0	0.0	2
OC1(C)(CC(C)CCC1(C)(C(C)C))	0,02386	0E0	6.0	0.0	0.0	0.0	5
C=1NC(=C(C=1CC)C)C	6,9E-11	0E0	76.0	12.0	0.0	0.0	2
C1=CC=C(C=C1)CCN(C)C	8,27E-9	0E0	61.0	10.0	0.0	0.0	2
O=C(OCCN(CC)CC)C	0,03233	0E0	8.0	1.0	0.0	0.0	2
N=C(C1=CN(C2=CC=CC=C12)C)C	1,7E-11	0E0	56.0	4.0	0.0	0.0	2
C=C(N)C1=CC=C(C=C1)C	0,0345	0E0	10.0	2.0	0.0	0.0	2
OC(C)(C)C(C)C	0,01327	0E0	12.0	2.0	0.0	0.0	5
NC1=CC=CC=C1C(C)(C)C	0,00811	0E0	13.0	2.0	0.0	0.0	5
OC(=NC(C)C)C1=CN=CC=C1	0,0128	0E0	7.0	0.0	0.0	0.0	2
O=C(N2CCCC1(CN(C(O)=NC(C)C)CC1)(C2))C	0,03233	0E0	8.0	1.0	0.0	0.0	5
OC=1C(=CC(=CC=1C(C)(C)C)S)C	0,02386	0E0	6.0	0.0	0.0	0.0	5
N(N)=C(C(=C)C)C(=C)C	0,01114	0E0	10.0	1.0	0.0	0.0	2
N=C(CN1CCCCC1)S	0,00492	0E0	14.0	2.0	0.0	0.0	5
OC(C)C(C)CC	0,0035	0E0	17.0	3.0	0.0	0.0	5
N=NNC(=N)S	0,0128	0E0	7.0	0.0	0.0	0.0	5
C=C2C(=CC)C1=CC=CC=C1N2C	0,02386	0E0	6.0	0.0	0.0	0.0	2
O=C(O)CCC(NC)CC	7,29E-7	0E0	58.0	13.0	0.0	0.0	5
N(=C)C=C(N)C	8,E-155	0E0	1000.0	108.0	0.0	0.0	2
OC(C)C(OP)C(O)C	0,00198	0E0	10.0	0.0	0.0	0.0	5
N=CNC(=C)N	0,02386	0E0	6.0	0.0	0.0	0.0	5
C=CC(=CC)CN1CC2(C1)(CCN(CC2)S)	0,00198	0E0	10.0	0.0	0.0	0.0	5
O=C(N)C=NC	5,0E-29	0E0	111.0	1.0	0.0	0.0	2
O=C(O)C(=C(C)C)N(C)C	1,73E-7	0E0	25.0	0.0	0.0	0.0	5
OC=1C=CC(=CC=1(OC(=C)C))C	0,0128	0E0	7.0	0.0	0.0	0.0	5
OC(CC)C(N)C	0,00647	0E0	11.0	1.0	0.0	0.0	5
FC(F)(F)C(=NN)C=C	0,02386	0E0	6.0	0.0	0.0	0.0	2
NC1(C)(CCCCC1)	0,00106	0E0	11.0	0.0	0.0	0.0	5
O=S(=O)(C1=CC=CC=C1)N3CCC2(CCN(CC)CC2)CC3	0,02386	0E0	6.0	0.0	0.0	0.0	5
OC1=NC(C1(NC))S	5,4E-10	0E0	39.0	1.0	0.0	0.0	5
OC1=CC=C(OC)C=C1	7,9E-14	0E0	62.0	3.0	0.0	0.0	2
O=C(O)CN(C)C	0,00002	0E0	33.0	5.0	0.0	0.0	5
N=C(N)C(=CN)C1=CC=C(C=C1)N(C)C	0,00009	0E0	15.0	0.0	0.0	0.0	2
NCN(CC)CC	0,01327	0E0	12.0	2.0	0.0	0.0	5
O=C(O)C(N)CN	0,01905	0E0	9.0	1.0	0.0	0.0	5
NC1(C)(CCN(CC)CC1)	0,0345	0E0	10.0	2.0	0.0	0.0	5
O=C(N1CCCC2(C1)(CN(C)CC2))C	0,01114	0E0	10.0	1.0	0.0	0.0	5
O(C1=CC=CC(=C1)C)C	2,2E-14	0E0	95.0	13.0	0.0	0.0	2
O=C(C(=C(O)N)C(=O)C)C	0,02195	0E0	13.0	3.0	0.0	0.0	5
N=C(C1=CC=C(N)C=C1)C	0,02386	0E0	6.0	0.0	0.0	0.0	2
OC(C)C(C)(C(C)C)C(C)C	0,02386	0E0	6.0	0.0	0.0	0.0	5
O=C(N4CCC3(CCN(C1=CC=CC(=C1)C2=CC=CC=C2)CC3)CC4)C	0,03233	0E0	8.0	1.0	0.0	0.0	2
N=C(NC(C=C)=CC)NC	0,02386	0E0	6.0	0.0	0.0	0.0	2
O=C(N1CCCC3(C1)(CN(CC2=CC(=CC(=C2)C)C)CC3))C	0,00687	0E0	8.0	0.0	0.0	0.0	5
OC=C(C=C)C(=C)N	0,01114	0E0	10.0	1.0	0.0	0.0	2
N(CC)(CC)CC(C)C	8,66E-8	0E0	56.0	10.0	0.0	0.0	5
OC1=CC=CC=C1C(=C)C	1,06E-7	0E0	37.0	3.0	0.0	0.0	2
O=C(N1CCCC3(C1)(CN(CC2=CC=CC=C2(OC))CC3))C	0,03233	0E0	8.0	1.0	0.0	0.0	5
O=C(C(C(=N)C)=C(O)C)N1CCC(C)(C)CC1	0,00007	0E0	30.0	5.0	0.0	0.0	5
N=C(N)C1=CC=C(N)C=C1	2,71E-6	0E0	28.0	2.0	0.0	0.0	2
O(C)C2CN1CCC2(CC1)	0,02386	0E0	6.0	0.0	0.0	0.0	5
CN1(C)(CCCC1)	0,00687	0E0	8.0	0.0	0.0	0.0	5
O=S(=O)(N)C1=CC=C(C=C1)C	0,02386	0E0	6.0	0.0	0.0	0.0	5
O=C(O)C5(N(C)CC4CC2=C(C=C(C(=O)N1CCCC1)N2CC3=CC=CC=C3)C45)(CC)	0,01327	0E0	12.0	2.0	0.0	0.0	5
C=C(C(=C(C)C)N(C)C)C	0,0128	0E0	7.0	0.0	0.0	0.0	2
CCCN(C)(C)C	1,2E-17	0E0	81.0	4.0	0.0	0.0	5
N=C(O)C(C(C)C)C(C)C	0,02386	0E0	6.0	0.0	0.0	0.0	5
N=C1C(N=CN1C(O)C)=C	6,69E-9	0E0	51.0	6.0	0.0	0.0	5
O=C(O)CCN	0,00373	0E0	12.0	1.0	0.0	0.0	5
FC=3C=CC=C(N=C(O)N2CCC1(CCNCC1)CC2)C=3	0,00811	0E0	13.0	2.0	0.0	0.0	5
O=C(C1=CC(=CC(=C1)C)C)N3CCC2(CN(CC)CCC2)(CC3)	0,0345	0E0	10.0	2.0	0.0	0.0	5
C=1C=C(C=CC=1C)C(C)C	0,00811	0E0	13.0	2.0	0.0	0.0	5
O=C(N1CCC(CN)(CC)CC1)CO	0,00002	0E0	30.0	4.0	0.0	0.0	5
C=C(CN(C)C)S	2,7E-14	0E0	71.0	5.0	0.0	0.0	2
O=S(=O)(O)CN	0,02386	0E0	6.0	0.0	0.0	0.0	5
ON(C)(C)C	0,03233	0E0	8.0	1.0	0.0	0.0	5
OC1=C(C=C(C=C1C(C)(C)C)C)C	0,00057	0E0	12.0	0.0	0.0	0.0	2
N#CC=1C=CC=C(C=1)C(=C)N	0,00198	0E0	10.0	0.0	0.0	0.0	2
N=C(NCCNC)C	0,00003	0E0	29.0	4.0	0.0	0.0	2
OC(=C)C(C)(C)C	0,02386	0E0	6.0	0.0	0.0	0.0	5
O=C(O)C(C)(C)C	0,00002	0E0	32.0	5.0	0.0	0.0	5
C=CC=CS	9,5E-40	0E0	237.0	23.0	0.0	0.0	2
N=C(C=1N=CN(C=1(N))C)S	0,02386	0E0	6.0	0.0	0.0	0.0	5
CCN(CC)(CC)CC	0,00011	0E0	24.0	3.0	0.0	0.0	5
N=C(C=C(O)C)C	0,03233	0E0	8.0	1.0	0.0	0.0	2
OC(=NC(CO)CC)C1CNCCC1(N)	0,00106	0E0	11.0	0.0	0.0	0.0	5
O=C(O)NC(C(C=C)=CC)C1(C)(CC1(C))	0,00005	0E0	33.0	6.0	0.0	0.0	2
CCCCCN(C)(C)C	0,00005	0E0	16.0	0.0	0.0	0.0	5
O(C=C(C)C)C	1,1E-15	0E0	80.0	6.0	0.0	0.0	2
N1=CC=CC(=C1)C	5,9E-16	0E0	166.0	40.0	0.0	0.0	2
CCC(CC)C(C)(C)C	9,53E-7	0E0	53.0	11.0	0.0	0.0	5
C=1C=C(C=CC=1C)Br	0,00647	0E0	11.0	1.0	0.0	0.0	2
N=C(S)SC(=C)C	0,0007	0E0	15.0	1.0	0.0	0.0	2
O=C(C)C(CC)C(C)(C)C	0,03233	0E0	8.0	1.0	0.0	0.0	5
NC(C=CCCC)C	0,00106	0E0	11.0	0.0	0.0	0.0	2
N(=C(SC)SC)C	0,00215	0E0	13.0	1.0	0.0	0.0	2
OC1=CC=CC2=C1C(=C)CC(N)C2	0,02386	0E0	6.0	0.0	0.0	0.0	2
N1=CN=C(C=C)C(=C1)C	2,4E-51	0E0	226.0	7.0	0.0	0.0	2
O=C(OCC(=CC)C(N)C)C	0,0128	0E0	7.0	0.0	0.0	0.0	5
N=C(N)C(OC)=CC	0,0128	0E0	7.0	0.0	0.0	0.0	2
NCCC1=CC=CC=C1	2,31E-7	0E0	65.0	15.0	0.0	0.0	2
C(=C(CC)C(C)C)C	0,0128	0E0	7.0	0.0	0.0	0.0	5
O=C(O)NC(C)C	3,24E-6	0E0	48.0	10.0	0.0	0.0	2
N(C)CCN(CC)CC	7,78E-6	0E0	46.0	10.0	0.0	0.0	2
N(=C)C(C=C)=C(C)C	1,7E-47	0E0	250.0	17.0	0.0	0.0	2
OC(=NC1C(O)=NC1S)CC	0,0128	0E0	7.0	0.0	0.0	0.0	5
O=C(C=1C=CC=C(F)C=1)N3CCC2(CN(CC)CCC2)(CC3)	0,01327	0E0	12.0	2.0	0.0	0.0	5
OC(=C)C(=CC)CN1CC2(C1)(CCN(C)CC2)	0,00198	0E0	10.0	0.0	0.0	0.0	5
O=S(=O)(C(=C)C)N1CCNCC1	0,02386	0E0	6.0	0.0	0.0	0.0	5
N(=C(N(C)C)C)C	0,03233	0E0	8.0	1.0	0.0	0.0	5
OC(=NC(C(=C)C)C(C)C)C1=CC=CC=C1	0,00687	0E0	8.0	0.0	0.0	0.0	2
N1=CC=CC=C1N2CCC2	0,00123	0E0	14.0	1.0	0.0	0.0	5
N=C(C1=CC=CCN1C)C	0,00647	0E0	11.0	1.0	0.0	0.0	2
OC1=C(OC(=CC)C(=C)C1)C(=C)C	0,0128	0E0	7.0	0.0	0.0	0.0	2
NCC(=CC)C(C)C	0,00561	0E0	16.0	3.0	0.0	0.0	5
N=C(N)NC(=N)C	2,0E-58	0E0	520.0	97.0	0.0	0.0	2
C=CC1=C(C)SC(=C)C(=CC)N1CCCN(C)C	0,00057	0E0	12.0	0.0	0.0	0.0	2
N=C(NC1=CC=CC=C1)S	0,02386	0E0	6.0	0.0	0.0	0.0	2
CCC(CC)CC	0,00013	0E0	33.0	7.0	0.0	0.0	5
N(C)(C)C(CC)C(C)(C)C	0,0345	0E0	10.0	2.0	0.0	0.0	5
N(=C)C=1C=CC(=CC=1C)C	7,4E-49	0E0	225.0	9.0	0.0	0.0	2
C=C1C(C=CC=C1CN)=CC	0,01905	0E0	9.0	1.0	0.0	0.0	2
OC(N)=C(C)C	0,01114	0E0	10.0	1.0	0.0	0.0	5
N(=C(C=C)NC(C=C)=CC)C	0,00004	0E0	23.0	2.0	0.0	0.0	2
O=C(C(=C)C)N2CCC1(CN(C(=C)N)C1)CC2	0,00687	0E0	8.0	0.0	0.0	0.0	5
O(C1=CC=CC(=C1)C(=C)N)C	0,00368	0E0	9.0	0.0	0.0	0.0	2
FC1=CC(F)=CC(=C1)C	1,06E-9	0E0	75.0	14.0	0.0	0.0	2
N=C(N)C1=CC=C(O)C=C1	0,00169	0E0	25.0	6.0	0.0	0.0	2
OC	3,23E-7	0E0	24.0	0.0	0.0	0.0	2
N=C(N)NC(=N)N	0,00592	0E0	18.0	4.0	0.0	0.0	5
N1(C)CCCC2(C1)(CN(CC2)C(C)C)	0,01114	0E0	10.0	1.0	0.0	0.0	2
C=CC(=CC)CC(C(=C)C)N(C)(C)C	0,02386	0E0	6.0	0.0	0.0	0.0	5
CCC(C(C)C)C(C)(C)C	3,4E-30	0E0	240.0	40.0	0.0	0.0	5
O=S(=O)(NC(C(C=C)=CC)C1CC1(C))C(C=C)=CC	0,02386	0E0	6.0	0.0	0.0	0.0	2
OC(C)C(O)C(O)C	1,1E-42	0E0	230.0	17.0	0.0	0.0	5
OC(=C(C=C)CN(C)C)C	0,00687	0E0	8.0	0.0	0.0	0.0	5
O=C(O)CC(N)C	5,65E-9	0E0	69.0	13.0	0.0	0.0	5
O=C(OC(C)(C)C)N1CC4=C2C(CCC3C(OCC)OCC1(C)C23)C(CO)C(COC)C4CC	0,00368	0E0	9.0	0.0	0.0	0.0	5
OCC(O)C(O)C	0,01905	0E0	9.0	1.0	0.0	0.0	5
C1=CC=C(C(=C1)CN(C)C)Cl	0,00057	0E0	12.0	0.0	0.0	0.0	2
N=C(C1=CN(C(=C)C1(=C))C)C	1,7E-11	0E0	56.0	4.0	0.0	0.0	2
C=CC(=CC)C(C)(C)CC(C)(C)C	0,00057	0E0	12.0	0.0	0.0	0.0	5
OC(=C)C(=CC)CN(C)C	0,02386	0E0	6.0	0.0	0.0	0.0	5
O=C(C1=CC(=CC(=C1)C(F)(F)F)C(F)(F)F)N2CCC(CC)(CC)CC2	1,84E-7	0E0	36.0	3.0	0.0	0.0	5
N1(C)C2CCCC1CC2	0,01905	0E0	9.0	1.0	0.0	0.0	5
C=1C=C(C=C(C=1)C)N2CCC3(C2)(CN(C)CCC3)	0,00687	0E0	8.0	0.0	0.0	0.0	2
OC(N2C=NC1=C(N=CN=C12)NC(C)C)C	0,02386	0E0	6.0	0.0	0.0	0.0	5
N=C(N)C=1C=CC=2OCOC=2(C=1)	3,23E-7	0E0	24.0	0.0	0.0	0.0	2
O=CC	0,00177	0E0	16.0	2.0	0.0	0.0	5
OC(C)C(OC)C(C)C	0,0004	0E0	16.0	1.0	0.0	0.0	5
O(C)CCN(C)C	1,8E-27	0E0	124.0	5.0	0.0	0.0	2
O(C=1C=CC(=CC=1Cl)C)C	0,02386	0E0	6.0	0.0	0.0	0.0	5
O=S(=O)(C=C)C(=C)C	0,02386	0E0	6.0	0.0	0.0	0.0	2
N=C(N)C(C=C)=CC	1,1E-25	0E0	185.0	27.0	0.0	0.0	2
C1=CC=C2C=C(C=CC2(=C1))C	0,00915	0E0	17.0	4.0	0.0	0.0	2
C=1C=C(C=C(C=1)C)N2CC3(C2)(CCN(C)CC3)	0,00592	0E0	18.0	4.0	0.0	0.0	2
OC(C(=C)C)(C)C(C)C	0,0128	0E0	7.0	0.0	0.0	0.0	5
O=C(C(C(=N)C)=C(O)C)N1CCC2(CC1)(CCN(CC)CC2)	0,0345	0E0	10.0	2.0	0.0	0.0	5
O=C(C1=CC=CN1C)N2CCC3(CC2)(CCN(CC)CC3)	0,0345	0E0	10.0	2.0	0.0	0.0	5
FC(F)(F)C1=CC=CC(=C1)C	0,0005	0E0	21.0	3.0	0.0	0.0	2
C=CC(=CC)CCN(C)C	3,17E-8	0E0	74.0	17.0	0.0	0.0	2
N=C(O)CN(C)C	0,00037	0E0	24.0	4.0	0.0	0.0	5
O=C(N3CCC2(CN(CC1=CC=NC=C1)C2)CC3)C	0,00687	0E0	8.0	0.0	0.0	0.0	2
N=C1NC(=CS1)C	0,00687	0E0	8.0	0.0	0.0	0.0	5
N=C(O)C(C)C(C)C	5,03E-6	0E0	47.0	10.0	0.0	0.0	2
O=S(=O)(NC(=N)N)C	0,02386	0E0	6.0	0.0	0.0	0.0	5
N=C(O)N(C=C)CC	0,03233	0E0	8.0	1.0	0.0	0.0	5
OC(O)C(OC)C(O)C	0,00198	0E0	10.0	0.0	0.0	0.0	5
C=CC=1C(=CNC=1C)CCN	9,5E-14	0E0	72.0	6.0	0.0	0.0	2
OC(=NC)CC(N=C(O)C(C)C)CC(=CN)C(=C)C	1,65E-7	0E0	42.0	5.0	0.0	0.0	5
N#CC(=CC(C=C)=CC)C(=N)O	0,0345	0E0	10.0	2.0	0.0	0.0	2
O=C(C1=C(O)C=C(O)C=C1(O))C	0,01114	0E0	10.0	1.0	0.0	0.0	2
OC1=CC=C2C(=C1)CCNC2C	0,00391	0E0	21.0	5.0	0.0	0.0	5
NCCSS	0,0128	0E0	7.0	0.0	0.0	0.0	5
O=C(NC1=CC=C(O)C=C1)N2CCC(C)(C)C2	0,00647	0E0	11.0	1.0	0.0	0.0	5
O=S(=O)(N)CC	0,02386	0E0	6.0	0.0	0.0	0.0	5
O(CC=C(C)C)C(C)C	0,01905	0E0	9.0	1.0	0.0	0.0	5
N=C(C(N=C)=C(N)N)S	0,02386	0E0	6.0	0.0	0.0	0.0	5
N=C(N)C(=CN)C=1C=CC=C(O)C=1	0,00123	0E0	14.0	1.0	0.0	0.0	2
O(C(C)C)C(C)C	0,00009	0E0	27.0	4.0	0.0	0.0	5
NCC(CC)CC	0,00379	0E0	19.0	4.0	0.0	0.0	5
N=C(CN1CCCC(C)(C)C1)S	0,02151	0E0	11.0	2.0	0.0	0.0	5
N=C(N)NCCCCC	0,02386	0E0	6.0	0.0	0.0	0.0	2
O=C1C=CC(C=C1)(C)C	4,73E-6	0E0	27.0	2.0	0.0	0.0	5
CCC(CC)N(C)(C)C	0,00016	0E0	14.0	0.0	0.0	0.0	5
OCC(C)(C)C	0,00368	0E0	9.0	0.0	0.0	0.0	5
N=C(N)SC=C	0,00892	0E0	15.0	3.0	0.0	0.0	5
O=S(=O)(N2CCC1(CCN(CC)CC1)CC2)C	0,00106	0E0	11.0	0.0	0.0	0.0	5
C=C(C1=CC=CC=C1CN(C)C)C	8,24E-6	0E0	26.0	2.0	0.0	0.0	2
O(C(C=C)=C(C)C)C	3,6E-10	0E0	70.0	11.0	0.0	0.0	2
O=S(=O)(NC(=C)C)C	2,5E-15	0E0	85.0	8.0	0.0	0.0	2
CC1CCC(C)(C(C)C1)C(C)(C)C	0,00373	0E0	12.0	1.0	0.0	0.0	5
N=C(O)N(C(=C)N)C	0,00033	0E0	33.0	8.0	0.0	0.0	5
N=C(N)NN=C	0,03233	0E0	8.0	1.0	0.0	0.0	5
N(N)=C(N(N)C)SCC(=C)C	0,0128	0E0	7.0	0.0	0.0	0.0	5
NC(C)(C)C	0,00049	0E0	30.0	7.0	0.0	0.0	5
O=C(O)CS	0,00391	0E0	21.0	5.0	0.0	0.0	5
OCC(N)C	5,94E-6	0E0	53.0	13.0	0.0	0.0	5
C=C(C(=CC)CN(C)C)C	1,6E-22	0E0	122.0	10.0	0.0	0.0	2
N=C(N)C(=CC)C(=C)N	1,0E-54	0E0	248.0	9.0	0.0	0.0	2
C=C(C)C(NC)C1CC1(CC)	0,00037	0E0	19.0	2.0	0.0	0.0	2
N=C(O)C3CN(C)C4CC2=CNC1=CC=CC(=C12)C4(C3)	0,0128	0E0	7.0	0.0	0.0	0.0	5
N=C1N=C(O)C=C(N)N1	0,00123	0E0	14.0	1.0	0.0	0.0	5
N1=CC=CC2=CC=CC=C12	0,02151	0E0	11.0	2.0	0.0	0.0	2
O=C(C1=CC(=CC(=C1)C(F)(F)F)C(F)(F)F)N2CCCC3(C2)(CN(C(=C)C)CC3)	0,02386	0E0	6.0	0.0	0.0	0.0	5
N=CNC=C	2,0E-57	0E0	357.0	37.0	0.0	0.0	2
C1=C(C=C(C=C1C)C(C)(C)C)C	0,00001	0E0	36.0	6.0	0.0	0.0	5
O=C1C(=C)CC(O)(C)C(CC)C1N(C)C	0,00687	0E0	8.0	0.0	0.0	0.0	5
O(C)C(C)C(N)C	0,00368	0E0	9.0	0.0	0.0	0.0	5
OCC1=CC=CC=C1	3,0E-12	0E0	90.0	15.0	0.0	0.0	2
N=C(C1=CC=CS1)C	5,1E-17	0E0	89.0	7.0	0.0	0.0	2
OC(=C)C(=CC)C(O)=C	0,02386	0E0	6.0	0.0	0.0	0.0	2
OC1CCC(C)(C)CC1	3,09E-7	0E0	38.0	4.0	0.0	0.0	5
C=C(C)CN1CCCCC1	1,1E-10	0E0	75.0	12.0	0.0	0.0	5
OC(=C)C(=CC)CN1CC(C1)(CC)CC	0,0128	0E0	7.0	0.0	0.0	0.0	5
FC=1C=CC(=CC=1(F))C	0,00368	0E0	9.0	0.0	0.0	0.0	2
O=C(N(C(=N)C)CC)C	1,0E-93	0E0	589.0	61.0	0.0	0.0	2
O1CCCC1C	2,0E-15	0E0	79.0	6.0	0.0	0.0	2
NCCN1CCNCC1	0,00687	0E0	8.0	0.0	0.0	0.0	5
OC(=NC)OCC(=C)C	9,90E-8	0E0	43.0	5.0	0.0	0.0	2
OC(C)(C)C(OC)C(C)C	0,00215	0E0	13.0	1.0	0.0	0.0	5
O1CCN(CC1)CCN	4,62E-7	0E0	40.0	5.0	0.0	0.0	2
OC(=NC(C)C)N1CCCC2(C1)(CCN(C)CC2)	0,03233	0E0	8.0	1.0	0.0	0.0	5
N(C)(C)CCCN1CCN(C)CC1	0,00687	0E0	8.0	0.0	0.0	0.0	2
O=C(O)C(C(=C)C)CO	0,00057	0E0	12.0	0.0	0.0	0.0	5
O=C(O)C(NC)CC	0,00002	0E0	30.0	4.0	0.0	0.0	5
N(C)(C)C(C)C	3,11E-8	0E0	48.0	6.0	0.0	0.0	5
OC(C)(C)CC(C)(C)C	0,0128	0E0	7.0	0.0	0.0	0.0	5
O=S(=O)(NN)C(=C)C	0,00687	0E0	8.0	0.0	0.0	0.0	5
C=CC	6,3E-20	0E0	71.0	0.0	0.0	0.0	2
N2(C)CCC1(CN(C)CCC1)(CC2)	0,01905	0E0	9.0	1.0	0.0	0.0	5
OCC	6,2E-31	0E0	344.0	84.0	0.0	0.0	5
N=C(O)N1CCC1	0,00001	0E0	45.0	10.0	0.0	0.0	5
CC(C)CC(C)(C)C	1,61E-6	0E0	32.0	3.0	0.0	0.0	5
C[Si]	0,00067	0E0	25.0	5.0	0.0	0.0	2
OC(=NCC)C(C(=C)I)=C(C)I	0,00106	0E0	11.0	0.0	0.0	0.0	5
NCCCN1CCN(CC1)CCC	0,00687	0E0	8.0	0.0	0.0	0.0	5
C=C(C)C(NC)C1CC1(CCC)	0,00037	0E0	19.0	2.0	0.0	0.0	2
CCSC(C)S	0,02386	0E0	6.0	0.0	0.0	0.0	5
N=1C=CC=NC=1N2CCCCC2	0,00811	0E0	13.0	2.0	0.0	0.0	5
O=C1C=CC=C2C(=NC)C(=C)CN12	0,00647	0E0	11.0	1.0	0.0	0.0	2
OCC(C=C)=CC	4,6E-11	0E0	98.0	21.0	0.0	0.0	2
O=C1C=C(OC(=C1)C)C(C=C)=CC	0,00198	0E0	10.0	0.0	0.0	0.0	2
NCC(CC)C(C)C	0,00687	0E0	8.0	0.0	0.0	0.0	5
OC(=C(C=C)CN)C	3,17E-8	0E0	74.0	17.0	0.0	0.0	2
O(C1=CC=CC=C1CNC)C	1,3E-14	0E0	61.0	2.0	0.0	0.0	2
O=C(C(=C)C)N(C)C	5,0E-19	0E0	130.0	18.0	0.0	0.0	2
NCC1=CC=CC(=C1)C	1,6E-14	0E0	51.0	0.0	0.0	0.0	2
O=C(C)C(CC)C(C)C	0,00373	0E0	12.0	1.0	0.0	0.0	5
OC(C)C(O)CC	5,24E-8	0E0	35.0	2.0	0.0	0.0	5
N=C(NNN)C	0,00811	0E0	13.0	2.0	0.0	0.0	5
N=C(N)CN1CCN(CC)CC1	0,02386	0E0	6.0	0.0	0.0	0.0	5
OC(=C)C(=C(C)C)C(C)(C)C	0,00177	0E0	16.0	2.0	0.0	0.0	5
N=C(N1CCNCC1)C	6,1E-13	0E0	62.0	4.0	0.0	0.0	2
N=C1C=C(N=CN1)C=2C=CC=C(C=2)NS	0,00368	0E0	9.0	0.0	0.0	0.0	2
FC1(C)(CC(=C)CCC1(C(C)C))	0,00106	0E0	11.0	0.0	0.0	0.0	5
O=S(=O)(N2CCC1(CN(CC)C1)CC2)C	0,0345	0E0	10.0	2.0	0.0	0.0	5
C=CC(=CC)CC(C(=C)C)N(C)C	0,01905	0E0	9.0	1.0	0.0	0.0	5
OC(C)C(O)(C)C	0,00198	0E0	10.0	0.0	0.0	0.0	2
C=C(N(C)C)C	1,1E-26	0E0	146.0	12.0	0.0	0.0	2
N(=C(C(=C)N)N(C)C)C	2,E-120	0E0	924.0	137.0	0.0	0.0	2
NC1=CC=CC(=C1)Cl	0,00592	0E0	18.0	4.0	0.0	0.0	2
N=C(O)CC(N=C(O)C)CCC	0,00169	0E0	25.0	6.0	0.0	0.0	5
N(=C)C=NC	1,6E-82	0E0	692.0	118.0	0.0	0.0	2
C1=CC(=CC(=C1)Cl)Cl	0,00007	0E0	22.0	2.0	0.0	0.0	2
O=C2C(=NC1=CN=CN=C1N2CC=3C=CC=C(OC)C=3)C(=C)C	0,00687	0E0	8.0	0.0	0.0	0.0	2
O=C1C=C(OCC1(=C))C(=C)C	0,00492	0E0	14.0	2.0	0.0	0.0	2
N(C)C(C)C	0,00217	0E0	18.0	3.0	0.0	0.0	5
O=S(=O)(N)C1=CC=CC(C(=C)Cl)=C1C	0,02386	0E0	6.0	0.0	0.0	0.0	2
N(=C)C(=NC)N1CCNCC1	5,8E-22	0E0	157.0	23.0	0.0	0.0	2
N(=C)C(=CC)C1=CC=CC=C1C	0,00001	0E0	18.0	0.0	0.0	0.0	2
N(=C(NC(C=C)=CC)S)C	0,00198	0E0	10.0	0.0	0.0	0.0	2
N1=CC(=NC=C1C)C	3,9E-12	0E0	62.0	5.0	0.0	0.0	2
O=S(=O)(N1CCC(CC)(CC)CC1)C	0,00002	0E0	24.0	2.0	0.0	0.0	5
OC1=CC=CC(=C1)CNC	0,00687	0E0	8.0	0.0	0.0	0.0	2
OC(O)(C)C	6,16E-8	0E0	38.0	3.0	0.0	0.0	5
C1=CC=C(C=C1)C(C)(C)C	0,00001	0E0	22.0	1.0	0.0	0.0	5
OC(C)C1(C(=C)C)(CCN(C)CC1(O)(C))	0,00492	0E0	14.0	2.0	0.0	0.0	5
N=C(N(C)C)C	6,1E-18	0E0	74.0	2.0	0.0	0.0	2
O=C(O)CC(C)C	0,00687	0E0	8.0	0.0	0.0	0.0	5
N=C(O)N	5,7E-60	0E0	301.0	17.0	0.0	0.0	2
NCCC(N)(C)C	0,00106	0E0	17.0	2.0	0.0	0.0	5
O=C(C=C)CC	6,33E-7	0E0	42.0	6.0	0.0	0.0	5
O=C1C(=C(N=C(O)N1C)N)N(C)C	0,00296	0E0	15.0	2.0	0.0	0.0	5
O=C(C(=CC)N(C)C)N2CCC1(CCN(C(=N)O)CC1)CC2	0,00687	0E0	8.0	0.0	0.0	0.0	5
O=C1C=CC(=O)N1CC	0,02386	0E0	6.0	0.0	0.0	0.0	5
N=C(N)C(=CN)C=1C=CC=C(N)C=1	0,00106	0E0	11.0	0.0	0.0	0.0	2
CN(C)(C)C	2,4E-34	0E0	225.0	27.0	0.0	0.0	5
N(C)C1CC1	4,73E-6	0E0	27.0	2.0	0.0	0.0	2
N12(CCC(CC1)C(C)C2)	0,00106	0E0	11.0	0.0	0.0	0.0	5
OCC#CC	0,0128	0E0	7.0	0.0	0.0	0.0	2
O=C(OC)C1CC1(C(N)C)	0,00164	0E0	23.0	5.0	0.0	0.0	2
O=S(=O)(C1=CC=CC=C1)N3CCC2(CNC2)CC3	0,02151	0E0	11.0	2.0	0.0	0.0	5
N=C(O)C1CN(C)C(C)CC1	0,0128	0E0	7.0	0.0	0.0	0.0	5
OC(=C)C(=CC)N1CCN(CC1)CCCN	0,02386	0E0	6.0	0.0	0.0	0.0	5
O=C(O)C	1,40E-9	0E0	90.0	21.0	0.0	0.0	5
N=C(O)C(C)C1CC1(C)(C(NC)C(=C)C)	3,40E-6	0E0	41.0	7.0	0.0	0.0	2
O=C(C=1C(O)=CC=CC=1C)C	0,02386	0E0	6.0	0.0	0.0	0.0	2
N(=C)C=C(C)C	2,0E-39	0E0	335.0	60.0	0.0	0.0	2
N1=CC=C(C=C1)N2CCCC3(C2)(CCN(C)CC3)	0,0345	0E0	10.0	2.0	0.0	0.0	5
C(#CCC)C	0,01905	0E0	9.0	1.0	0.0	0.0	2
N=C(N)C(=CN)C1=CC=CC=C1	8,87E-7	0E0	30.0	2.0	0.0	0.0	2
CC2(C)(CC2(C1CCCCC1))	0,00368	0E0	9.0	0.0	0.0	0.0	5
O=C(NC1=CC=C(O)C=C1)N2CCC3(C2)(CN(C)CCC3)	0,01114	0E0	10.0	1.0	0.0	0.0	5
C=C(C)C(CC)N(C)(C)C	0,00368	0E0	9.0	0.0	0.0	0.0	5
OC(=C)CN(C)C	3,02E-9	0E0	68.0	12.0	0.0	0.0	2
N=C(CN(C)C)S	4,01E-6	0E0	43.0	8.0	0.0	0.0	5
O=S(=O)(NCC)C2=CC=CC1=C2(C=CC=C1Cl)	0,02386	0E0	6.0	0.0	0.0	0.0	2
N=CN(C=C)C(=N)C	1,5E-11	0E0	40.0	0.0	0.0	0.0	2
C=C(C=C(N)C)S	0,03233	0E0	8.0	1.0	0.0	0.0	2
OC=1C=CC(=CC=1(OC))C(=C)N	0,02386	0E0	6.0	0.0	0.0	0.0	2
C=C(C1=CC=CC=C1Cl)C	0,00013	0E0	18.0	1.0	0.0	0.0	2
NC(C)CC(N)C	0,00009	0E0	15.0	0.0	0.0	0.0	5
OC(=NC)C(N)C	2,6E-15	0E0	102.0	14.0	0.0	0.0	5
OC(=C)C(=CC)C(=C)C	6,12E-7	0E0	54.0	11.0	0.0	0.0	2
N=C(O)C(N)C(=C)C	0,00198	0E0	10.0	0.0	0.0	0.0	5
O=C1C=NC(=CN)C(=N)N1	9,6E-31	0E0	111.0	0.0	0.0	0.0	2
N=C(O)C(N)C1=CC=CC=C1	0,0128	0E0	7.0	0.0	0.0	0.0	5
C=C1CCNC(C)C1	0,0128	0E0	7.0	0.0	0.0	0.0	5
C1=C(C=C(C=C1C)CN3CCC2(CN(C)CCC2)(C3))C	0,01905	0E0	9.0	1.0	0.0	0.0	5
OC(=NC(C(O)=NC)CC(C)C)C	0,01327	0E0	12.0	2.0	0.0	0.0	5
N=C(NC)C	2,96E-8	0E0	36.0	2.0	0.0	0.0	2
NCC2=CC=CC1=CC=CC=C12	0,01905	0E0	9.0	1.0	0.0	0.0	2
OC=1C=C(C(C=C)=CC=1(OC))C	0,01905	0E0	9.0	1.0	0.0	0.0	2
OC(CC)CC	1,68E-9	0E0	74.0	14.0	0.0	0.0	5
OC(N1C=NC(=C1(N))C)C	0,00217	0E0	18.0	3.0	0.0	0.0	5
O=C(N(C1=CC=CC=C1)N(C)C)C	0,00215	0E0	13.0	1.0	0.0	0.0	5
N=C(OCC)N	1,07E-8	0E0	34.0	1.0	0.0	0.0	2
OC(=NC(C)C)C(C=C)=CN	0,0128	0E0	7.0	0.0	0.0	0.0	2
O(C1=CC=CC=C1C(=C)N)C	0,00057	0E0	12.0	0.0	0.0	0.0	2
OC(=C(C(=C)C)C(=C)C)C	0,0345	0E0	10.0	2.0	0.0	0.0	5
O=C(N3CCC2(CN(CC1=CC=CC=C1)C2)CC3)C	0,00014	0E0	26.0	4.0	0.0	0.0	5
N=C(O)C(OC)C(O)C	0,00647	0E0	11.0	1.0	0.0	0.0	5
N=CN(C(=N)C)C(O)C	6,69E-9	0E0	51.0	6.0	0.0	0.0	5
C(=CCCCC)C	0,00074	0E0	29.0	7.0	0.0	0.0	2
N=C(O)C(C(=C)I)=C(C)I	0,00005	0E0	16.0	0.0	0.0	0.0	5
O=C(N2CCC1(CCN(C(=N)O)CC1)CC2)C	0,00033	0E0	33.0	8.0	0.0	0.0	5
OC(C)C	9,E-121	0E0	944.0	144.0	0.0	0.0	5
O=C(C=1C=CC=C(F)C=1)N3CCC2(CNC2)CC3	0,01327	0E0	12.0	2.0	0.0	0.0	5
N=C(N)C(C(=C)C)=C(N)C	0,02386	0E0	6.0	0.0	0.0	0.0	2
C=C(C(=C(C)I)N(C)C)I	0,0128	0E0	7.0	0.0	0.0	0.0	5
O=C(C(=CC)NC)N(C)C	0,02386	0E0	6.0	0.0	0.0	0.0	2
C=C(C)CN(C)(C)C	0,00013	0E0	18.0	1.0	0.0	0.0	5
O=C1C=CC=C(C(=N)C)N1C	0,00647	0E0	11.0	1.0	0.0	0.0	2
OCC1=C(NC(C)SC1)C	0,02386	0E0	6.0	0.0	0.0	0.0	5
N=C(CN1CCC(C)(C)C1)S	0,02195	0E0	13.0	3.0	0.0	0.0	5
OC1=CC=CC(=C1(OC))C	0,02195	0E0	13.0	3.0	0.0	0.0	5
C=CC(=CC)Br	0,00067	0E0	25.0	5.0	0.0	0.0	2
O=C(OC(=C)C)N2CCC1(CN(C(O)=NC)CCC1)(CC2)	0,00198	0E0	10.0	0.0	0.0	0.0	2
FC1=CC=C(C=C1)C(OCC)C(C=C)=CC	0,02386	0E0	6.0	0.0	0.0	0.0	2
OC(C)CC(O)(C)C	0,00033	0E0	33.0	8.0	0.0	0.0	5
C=CC(=CN)C1=CC=CC(=C1)C	0,00016	0E0	14.0	0.0	0.0	0.0	2
N=C(C1=CC=C(C=C1)Cl)C	3,0E-16	0E0	79.0	5.0	0.0	0.0	2
C=CC=1C=CC(=CC=1C)C	0,0345	0E0	10.0	2.0	0.0	0.0	2
O=S(=O)(C(=C)C)N2CCC1(CNC1)CC2	0,00096	0E0	22.0	4.0	0.0	0.0	5
C=CC(=CC=CC)C	0,02386	0E0	6.0	0.0	0.0	0.0	5
O=C(C=1OC=CC=1)N3CCC2(CN(C(=N)O)C2)CC3	0,00687	0E0	8.0	0.0	0.0	0.0	5
C=CC2CN1CCC2(CC1C)	0,02386	0E0	6.0	0.0	0.0	0.0	5
CC(C)C(C)(C)C	0,00217	0E0	18.0	3.0	0.0	0.0	5
O(C(=C)C)C=1C=C(C=CC=1(OC))C	0,00687	0E0	8.0	0.0	0.0	0.0	5
O=C(C1=CC=C(O)C=C1)C	0,03233	0E0	8.0	1.0	0.0	0.0	2
O=C(O)NC(C(C=C)=CC)C1(C)(CC1(C(C(=N)O)C))	0,00001	0E0	31.0	4.0	0.0	0.0	2
NCCN1CCCCC1	0,02386	0E0	6.0	0.0	0.0	0.0	2
FC(F)(F)C1=CC=CC(=C1)CN	0,00001	0E0	36.0	6.0	0.0	0.0	5
O=C(O)C1=C(NC(=C(C(=O)O)C1(C(C=C)=CC))C)C	0,02386	0E0	6.0	0.0	0.0	0.0	2
FC(F)(F)C(O)(C(C)C)C(F)(F)F	0,02386	0E0	6.0	0.0	0.0	0.0	5
O=S(=O)(C(C=C)=CC)N2CCC1(CCN(CC)CC1)CC2	0,00057	0E0	12.0	0.0	0.0	0.0	5
O=C(O)C(N)CC	1,14E-7	0E0	53.0	9.0	0.0	0.0	5
C=C(C(N)=C(C)S)C	0,03233	0E0	8.0	1.0	0.0	0.0	2
N=C(O)C(NC)CC	3,47E-6	0E0	36.0	5.0	0.0	0.0	5
OC(=C)C(=CC)CN(CC)CC	2,76E-6	0E0	39.0	6.0	0.0	0.0	5
OC(C)C(OC)CC	1,12E-6	0E0	22.0	0.0	0.0	0.0	5
C=C(C=1C=CC=C(C=1)N2CCC3(CC2)(CCN(C)CC3))C	0,00592	0E0	18.0	4.0	0.0	0.0	2
OC(O)C(O)C(N)C	0,00063	0E0	18.0	2.0	0.0	0.0	5
O=C(CO)C(O)(C)C	1,79E-9	0E0	37.0	1.0	0.0	0.0	5
O=C(NC1=CC=C(O)C=C1)N(C)C	4,56E-6	0E0	45.0	9.0	0.0	0.0	5
C=C(C(=C(C)C)CC)C	0,00368	0E0	9.0	0.0	0.0	0.0	2
N2=CN=C1C(N=CN1C)=C2N	5,05E-7	0E0	31.0	2.0	0.0	0.0	5
O1C2=CC=CC=C2(OC1)	4,1E-17	0E0	75.0	3.0	0.0	0.0	2
O=C(OC(C)C)C	0,00198	0E0	10.0	0.0	0.0	0.0	5
OC1=CC=CC(=C1C)C(O)(C)C	0,02386	0E0	6.0	0.0	0.0	0.0	5
O=C(O)CCC(N)C	5,6E-10	0E0	74.0	13.0	0.0	0.0	5
O=C(C1=CC=C(C=C1)C=2C=CC=3N=CNC(=NC)C=3(C=2))N(C)C	0,00647	0E0	11.0	1.0	0.0	0.0	2
N(C)CCCN1CCNCC1	0,02386	0E0	6.0	0.0	0.0	0.0	5
O(C1=CC=C(C=C1)N(C)C)C	1,05E-8	0E0	58.0	9.0	0.0	0.0	2
O=C(C)C(C(C)C)C(C)(C)C	0,00031	0E0	13.0	0.0	0.0	0.0	5
O1CCN(CC1)CC(N)C	0,02386	0E0	6.0	0.0	0.0	0.0	5
FC(C)(C)C	0,00005	0E0	16.0	0.0	0.0	0.0	5
O=C1C=CC=C2C(=N)C(=C)CN12	0,00647	0E0	11.0	1.0	0.0	0.0	2
OC1=NC(C1(N=C(O)C(N)C))S	0,00016	0E0	14.0	0.0	0.0	0.0	5
CC(C)C1(C)(CCCCC1(C))	0,00687	0E0	8.0	0.0	0.0	0.0	5
C=CC(=CC)P(C)(C)C	0,00368	0E0	9.0	0.0	0.0	0.0	5
C=C(C)CC1=CC=CC(=C1)C	0,0128	0E0	7.0	0.0	0.0	0.0	5
C(C=C(C)C)=CC(C)C	0,00368	0E0	9.0	0.0	0.0	0.0	5
N=C(NCC)C	1,E-119	0E0	592.0	30.0	0.0	0.0	2
C1=CC(=CC(=C1)C)C	1,1E-11	0E0	60.0	5.0	0.0	0.0	2
CC(C)C1CCC(C)C1(C)(C)	9,25E-8	0E0	51.0	8.0	0.0	0.0	5
OC(=NC(C(=C)C)C(C)(C)C)C1=CC=CC=C1	0,0128	0E0	7.0	0.0	0.0	0.0	5
O=C(NC1=CC=C(C=C1)S)CN	0,00687	0E0	8.0	0.0	0.0	0.0	5
C=CCCCC	0,00106	0E0	11.0	0.0	0.0	0.0	2
O=C(N(C(=N)C)CC1=CC=C(F)C=C1)C	3,08E-7	0E0	60.0	13.0	0.0	0.0	2
OC(C)C(O)CN	0,00647	0E0	11.0	1.0	0.0	0.0	5
O=C(CC)C(C)(C)C	0,00152	0E0	21.0	4.0	0.0	0.0	5
NC(C)C(CC)C(C)(C)C	0,00057	0E0	12.0	0.0	0.0	0.0	5
OC(OC(C)C)C	2,5E-42	0E0	218.0	14.0	0.0	0.0	5
N=C(NCCC1=CN=CN1)C	0,00057	0E0	12.0	0.0	0.0	0.0	2
N1=CC=C(C=C1)N2CC(C2)(CC)CC	0,00031	0E0	13.0	0.0	0.0	0.0	5
O=C(C1=CC=CC=C1)N2CCC(CC)(CC)CC2	0,00215	0E0	13.0	1.0	0.0	0.0	5
O=[As]	0,00009	0E0	27.0	4.0	0.0	0.0	5
O=C(N2CCC1(CN(CC)C1)CC2)C	0,02386	0E0	6.0	0.0	0.0	0.0	5
OCC(=CC)C(C)C	0,00373	0E0	12.0	1.0	0.0	0.0	5
N=C(N)SC(=C)C	0,01327	0E0	12.0	2.0	0.0	0.0	2
O=C(C)C(C)(CC)C(C)C	0,00561	0E0	16.0	3.0	0.0	0.0	5
O=C1N=C(O)C=CN1CC	0,02386	0E0	6.0	0.0	0.0	0.0	5
O=C(O)CC(N=C(O)C)CCC	7,29E-7	0E0	58.0	13.0	0.0	0.0	5
C=C(C(=C(C)C)[Si](C)(C)C)C	0,01905	0E0	9.0	1.0	0.0	0.0	2
N=CC(=NC)CN	1,2E-11	0E0	63.0	6.0	0.0	0.0	2
N=C(N)C=1C(=NOC=1C)C	1,5E-11	0E0	40.0	0.0	0.0	0.0	2
OC(C(=C)C)(CC)C1CCCCC1	0,02386	0E0	6.0	0.0	0.0	0.0	5
O(C1=CC=CC(=C1)C(=C)C)C	5,91E-9	0E0	35.0	1.0	0.0	0.0	2
NCCCCCCNC	0,02386	0E0	6.0	0.0	0.0	0.0	5
OC2CC1N(C)C(CC1)C2	0,00177	0E0	16.0	2.0	0.0	0.0	5
O=C(N1CCCC2(C1)(CN(C)CC2))CO	0,00215	0E0	13.0	1.0	0.0	0.0	5
O=C(N2CCC1(CNC1)CC2)C	0,03233	0E0	8.0	1.0	0.0	0.0	5
OC=1C=CC(=C(C=1(O))C)CC	0,02386	0E0	6.0	0.0	0.0	0.0	2
OC=1C=CC(=C(C=1(OC))C)CC	0,02195	0E0	13.0	3.0	0.0	0.0	5
OC(C=C)=C(C)C	0,02386	0E0	6.0	0.0	0.0	0.0	2
FC(=C)C(F)=C(F)C	0,0128	0E0	7.0	0.0	0.0	0.0	5
N=C(O)CN1CCN(CC)CC1	0,00198	0E0	10.0	0.0	0.0	0.0	5
N1(CC)CCC(C)(C)C1C	0,00215	0E0	13.0	1.0	0.0	0.0	5
O=C1C=C(OC(=C)C1)C(C=C)=CC	0,0345	0E0	10.0	2.0	0.0	0.0	2
OC(=NC1=CC=CC(=C1)C)N2CCC(C)(C)CC2	0,00687	0E0	8.0	0.0	0.0	0.0	5
O=C(NC1=CC=C(C=C1)C)C(=C)C	0,02386	0E0	6.0	0.0	0.0	0.0	2
O=C(O)C(O)C	8,24E-6	0E0	26.0	2.0	0.0	0.0	5
O=C(N2CCCC1(CN(C(O)=NC)CC1)(C2))C	0,00015	0E0	37.0	9.0	0.0	0.0	5
OC(N)CC(O)C	0,00687	0E0	8.0	0.0	0.0	0.0	5
C=C(C(=CC)C1=CC=CC(=C1)C)C	1,3E-11	0E0	53.0	3.0	0.0	0.0	2
O=C(O)C(OC(=C)C)(C)C	0,02386	0E0	6.0	0.0	0.0	0.0	5
O(C=1C=CC(=C(OC)C=1)C)C	7,8E-15	0E0	66.0	3.0	0.0	0.0	2
OC(=NC(O)(C)C)C(CN)CC	0,0128	0E0	7.0	0.0	0.0	0.0	5
O=S(=O)(NC(C(=C)C)C(C)C)C1=CC=CC=C1	0,00687	0E0	8.0	0.0	0.0	0.0	2
OC(=NC(C)C)N1CCC(CN)(C1)CC	0,01327	0E0	12.0	2.0	0.0	0.0	5
N=CN(C=C)CC	0,00373	0E0	12.0	1.0	0.0	0.0	2
N1=CC(=NC=C1C)CN	3,9E-12	0E0	62.0	5.0	0.0	0.0	2
O=C(N)C(=NC)CC	2,6E-18	0E0	91.0	6.0	0.0	0.0	2
NCC(=CC)SC	1,0E-28	0E0	133.0	6.0	0.0	0.0	2
O(C=1C=CC(N)=C(C=1)C(=C)C)C	2,8E-20	0E0	83.0	2.0	0.0	0.0	2
O=C(C(C(=C)C)=C(N)C)C	0,00296	0E0	15.0	2.0	0.0	0.0	2
N=C(N)C(=C)C	0,03233	0E0	8.0	1.0	0.0	0.0	5
N=C1N=C(O)N(C=C1)C	0,0128	0E0	7.0	0.0	0.0	0.0	5
O=C(N2CCC1(CCN(C(O)=NC(C=C)=CC)CC1)CC2)CO	0,02386	0E0	6.0	0.0	0.0	0.0	5
O[As]	5,70E-8	0E0	52.0	8.0	0.0	0.0	5
O(C)C(C)CC	0,01406	0E0	14.0	3.0	0.0	0.0	5
OC1=C(C=CC=C1CC)CC	0,00106	0E0	11.0	0.0	0.0	0.0	5
C=CCCCCC	0,00892	0E0	15.0	3.0	0.0	0.0	2
N1(C)CCCC2(C1)(CN(C)CC2)	0,00687	0E0	8.0	0.0	0.0	0.0	5
C=CC(=CC)C=1C=CC=C(N)C=1	4,00E-9	0E0	60.0	9.0	0.0	0.0	2
N=C(N)C(C(=N)C)=C(O)C	1,5E-11	0E0	40.0	0.0	0.0	0.0	2
FC(C=C)=C(F)C	0,00592	0E0	18.0	4.0	0.0	0.0	2
N=C1NC2=CC=CC=C2(N1)	0,0128	0E0	7.0	0.0	0.0	0.0	2
C1=CC=C(C=C1)C	1,1E-13	0E0	53.0	1.0	0.0	0.0	2
O=C(O)C(=C(N)C)C(C)C	0,00002	0E0	24.0	2.0	0.0	0.0	2
O=C(OC)C(O)C	0,00811	0E0	13.0	2.0	0.0	0.0	5
OC=C(C=C)C1=CC=CC(=C1)C	2,09E-6	0E0	21.0	0.0	0.0	0.0	2
O(CC=C)C(CC)C(C)C	0,01905	0E0	9.0	1.0	0.0	0.0	5
N1=CC=CC(N)=C1	0,02386	0E0	6.0	0.0	0.0	0.0	2
N=C(CN2CCC1(CN(C)CCC1)(C2))S	0,02151	0E0	11.0	2.0	0.0	0.0	5
NC1=CC=C(C=C1)C2=CC=CC(=C2)C	0,00198	0E0	10.0	0.0	0.0	0.0	2
O=C(CC)C(C)C	0,00002	0E0	24.0	2.0	0.0	0.0	5
O=S(=O)(NC(=N)O)C1=CC=C(C=C1)C	0,00687	0E0	8.0	0.0	0.0	0.0	5
N1CCC2(CC1)(CCN(CC)CC2)	0,02386	0E0	6.0	0.0	0.0	0.0	5
O(C=1C=C(C(=CC=1(OC))CC)C)C	0,00561	0E0	16.0	3.0	0.0	0.0	5
OC(=NCC(O)C)C(=C)C	0,00368	0E0	9.0	0.0	0.0	0.0	5
N=C(N)C(N=C)=CN	3,E-157	0E0	907.0	75.0	0.0	0.0	2
NC1=CCCCC1	0,0128	0E0	7.0	0.0	0.0	0.0	2
O=C(C1=CC=C(C=C1)C)N(C)C	3,4E-10	0E0	65.0	9.0	0.0	0.0	2
O=S(=O)(C(=C)C)C(=C)C	0,00492	0E0	14.0	2.0	0.0	0.0	5
O=C1C=C(C)C(C)(CC1)C(C)C	1,63E-7	0E0	33.0	2.0	0.0	0.0	5
C=CC(NC)C(=C)C	0,00106	0E0	11.0	0.0	0.0	0.0	2
O=C1C=C(N)N(C(=O)N1C)C	0,00002	0E0	30.0	4.0	0.0	0.0	5
C=C1CCCNC1CC	0,02386	0E0	6.0	0.0	0.0	0.0	5
C1=CC=C(C=C1)C(C)C	0,0345	0E0	10.0	2.0	0.0	0.0	5
C1=CC=C(C=C1)C(NS)C(C)C	0,02386	0E0	6.0	0.0	0.0	0.0	2
C(=C1CCC(C)CC1(C)C)C	1,59E-6	0E0	45.0	8.0	0.0	0.0	5
OC(C)C(C(N)C)(C(C)C)C(C)C	0,00198	0E0	10.0	0.0	0.0	0.0	5
C=C(N)C1=CC=CC=C1C	2,3E-12	0E0	72.0	8.0	0.0	0.0	2
OC(O)C(N)C(O)C	0,0128	0E0	7.0	0.0	0.0	0.0	5
N#CC=2C=CC=C(N=C(O)N1CCCCC1)C=2	0,00687	0E0	8.0	0.0	0.0	0.0	5
O=C(NC1=CC=C(O)C=C1)N2CCCC3(C2)(CCN(C(=O)C)CC3)	0,01905	0E0	9.0	1.0	0.0	0.0	5
O=C(O)C(C1=CC=CC=C1)CO	0,00057	0E0	12.0	0.0	0.0	0.0	5
O=C(O)C(N(C)C)C(C)(C)S	0,00002	0E0	21.0	1.0	0.0	0.0	5
O=C(O)C1(CC)(CCC(C)(C)CC1(C))	0,0128	0E0	7.0	0.0	0.0	0.0	5
N=C(O)C(N=C(O)C(N)C)C(O)C	0,02386	0E0	6.0	0.0	0.0	0.0	5
OCCOCCO	0,00647	0E0	11.0	1.0	0.0	0.0	5
N=C(N)C(=CN)C(=C)C	3,3E-32	0E0	176.0	14.0	0.0	0.0	2
O=C1C(=NC(=CN)C(=N)N1C)C2=CC=C(OC)C=C2	0,00687	0E0	8.0	0.0	0.0	0.0	2
FC(F)(F)C(O)(N)C	0,02386	0E0	6.0	0.0	0.0	0.0	5
OC(C)(C)C	7,9E-28	0E0	238.0	44.0	0.0	0.0	5
O1C(C)C1C(N)C	0,00057	0E0	12.0	0.0	0.0	0.0	5
O=S(=O)(C(=CC=C)C=CCN)C(=CC=C)C=CCN	0,0128	0E0	7.0	0.0	0.0	0.0	5
OC(N)C(O)C(O)C	4,0E-15	0E0	81.0	7.0	0.0	0.0	5
OC1=CC=CC=C1C(=C)N	0,00057	0E0	12.0	0.0	0.0	0.0	2
N1=CN=C(C=C1)C(=C)C	1,3E-34	0E0	152.0	5.0	0.0	0.0	2
OCC(=CC)C(N)C	0,0128	0E0	7.0	0.0	0.0	0.0	5
OCC(O)C	2,4E-23	0E0	135.0	13.0	0.0	0.0	5
N#CC1=CC=C(C=C1)C	7,41E-7	0E0	49.0	9.0	0.0	0.0	5
N=CN(C=C)CC(OC)C(=C)C	0,02386	0E0	6.0	0.0	0.0	0.0	2
N(C(C)C)P	0,00687	0E0	8.0	0.0	0.0	0.0	5
O1C=2C=CC(=CC=2(OC1))C	5,2E-12	0E0	103.0	21.0	0.0	0.0	2
N=C(O)C(NC)C	0,01406	0E0	14.0	3.0	0.0	0.0	5
N=C(O)N=C(O)C	8,58E-8	0E0	46.0	6.0	0.0	0.0	5
OC(C)C(N)C(O)C	0,01114	0E0	10.0	1.0	0.0	0.0	5
NCC1=CC=C(C=C1)Cl	0,00198	0E0	10.0	0.0	0.0	0.0	2
O1CCN(CC1)C(C)C	0,00492	0E0	14.0	2.0	0.0	0.0	5
N1=NC(=NN1)C	0,02151	0E0	11.0	2.0	0.0	0.0	5
C=C(C(=CC)C)C	2,0E-10	0E0	101.0	24.0	0.0	0.0	2
N=C(OC(=C)C)N	9,1E-36	0E0	169.0	8.0	0.0	0.0	2
O(C1=CC=C(C=C1)CC(N)C)C	0,0128	0E0	7.0	0.0	0.0	0.0	5
FC=2C=CC=C(N=C(O)N1CCCCC1)C=2	0,00811	0E0	13.0	2.0	0.0	0.0	5
OC1=CC=C(C=C1)C(=C)N	0,00368	0E0	9.0	0.0	0.0	0.0	2
N(=C)C(=NC)N1CCCCC1	0,00811	0E0	13.0	2.0	0.0	0.0	5
O=C(N4CCC3(CN(C1=CC=CC(=C1)C2=CC=CC=C2)CCC3)(CC4))C	0,00368	0E0	9.0	0.0	0.0	0.0	2
N=C(C(=CN)C(=C)C)C	1,7E-11	0E0	56.0	4.0	0.0	0.0	2
OC1=CC=CC(N)=C1	2,81E-7	0E0	58.0	12.0	0.0	0.0	2
C=C(C)C1(CCN(C)C1(C))(C(N)C)	0,02151	0E0	11.0	2.0	0.0	0.0	5
N=C(O)CC(O)C	0,01114	0E0	10.0	1.0	0.0	0.0	5
O=C(O)C(N)C	3,6E-25	0E0	180.0	26.0	0.0	0.0	5
O=C(N1CCN(C(N=C)=NC)CC1)C	0,02386	0E0	6.0	0.0	0.0	0.0	5
N(NC(=C)C)=C(C=C)C=C	0,02386	0E0	6.0	0.0	0.0	0.0	5
N=C(N)C(=CN)C1=CC=CC(=C1)C	0,00106	0E0	11.0	0.0	0.0	0.0	2
O=S(=O)(N)C1=CC=C(C=C1)N(C)C	0,02386	0E0	6.0	0.0	0.0	0.0	5
O=C(N1CCN(C(=N)N)CC1)C(O)C	0,02386	0E0	6.0	0.0	0.0	0.0	5
O=C(N(C(=N)C)CC(OC)CC)C	4,0E-18	0E0	79.0	3.0	0.0	0.0	2
OC(=C)C(=CC)C	0,00811	0E0	13.0	2.0	0.0	0.0	2
OC=C(C=C)C(=C)C	2,22E-9	0E0	32.0	0.0	0.0	0.0	2
N(=C(NC(C=C)=CC)C(=C)C)C	1,1E-16	0E0	59.0	0.0	0.0	0.0	2
C=C(N(C(=C)C)CCCN(CC)CC)C	0,00368	0E0	9.0	0.0	0.0	0.0	2
OC(O)C(NC)C(O)C	0,02386	0E0	6.0	0.0	0.0	0.0	5
O1CCCC1CN	4,0E-18	0E0	79.0	3.0	0.0	0.0	2
NC(C)CC(C)C	2,1E-11	0E0	115.0	28.0	0.0	0.0	5
O(C1=CC=CC=C1C(=C)C)C	3,52E-8	0E0	32.0	1.0	0.0	0.0	2
[As]	0,00002	0E0	30.0	4.0	34.0	0.0	7
N=C(N)NC(C(O)C)C(O)C	0,02386	0E0	6.0	0.0	0.0	0.0	5
CC(C)(C)S	2,08E-6	0E0	49.0	10.0	0.0	0.0	5
OC1=CC=CC(=C1)C=C(C)C	0,00811	0E0	13.0	2.0	0.0	0.0	2
C=1C=C(C=C(C=1)C)N2CCC2	0,02151	0E0	11.0	2.0	0.0	0.0	2
N(=C(CN)SC)C	2,53E-6	0E0	44.0	8.0	0.0	0.0	5
OCC(=C(N)C)CS	0,0128	0E0	7.0	0.0	0.0	0.0	5
C=CC(CN)C(C)C	0,02386	0E0	6.0	0.0	0.0	0.0	5
N(=C)C1=CC=CC=C1C	5,1E-54	0E0	291.0	21.0	0.0	0.0	2
N1CCC2(CC1)(CCN(C)CC2)	0,00057	0E0	12.0	0.0	0.0	0.0	5
OC(=C)C(C=C)=C(N)C	0,01905	0E0	9.0	1.0	0.0	0.0	2
C=C1C(=CC)N(C=C1C)C	1,3E-12	0E0	64.0	5.0	0.0	0.0	2
O=C(C(N=N)=CS)N1CCC2(CC1)(CCN(CC)CC2)	0,00057	0E0	12.0	0.0	0.0	0.0	5
NCCC(N)C	0,00368	0E0	9.0	0.0	0.0	0.0	5
O=C(NC)C=1OC=CC=1	0,03233	0E0	8.0	1.0	0.0	0.0	2
C=CC(=CC)C(C)(C)C	3,52E-7	0E0	64.0	15.0	0.0	0.0	5
OC1CCN(CC)C1(C)	0,00368	0E0	9.0	0.0	0.0	0.0	5
N=C(O)NC(C)C	6,9E-11	0E0	76.0	12.0	0.0	0.0	5
C=C(C)CN(C)C	0,01905	0E0	9.0	1.0	0.0	0.0	5
C=C(C)CN1CCCC(C)(C)C1	6,75E-7	0E0	56.0	12.0	0.0	0.0	5
O=C(NC1=CC=C(O)C=C1)N2CC(C)(C)C2	0,00005	0E0	16.0	0.0	0.0	0.0	5
N(C)(C)C1CCN(C)CC1	0,02386	0E0	6.0	0.0	0.0	0.0	5
C=C(C(=C(N)C)C)C	0,0128	0E0	7.0	0.0	0.0	0.0	2
N(N)=C1C(=C)C(=C)C2=CC=CC=C12	0,02386	0E0	6.0	0.0	0.0	0.0	2
OC(COC(=CC)C(=C)C)CNC(C)C	0,02386	0E0	6.0	0.0	0.0	0.0	2
N=C(C(=C(O)C)C(=C)C)C	0,00072	0E0	27.0	6.0	0.0	0.0	2
OC1=CC=CC(=C1)CC(N)C	0,0007	0E0	15.0	1.0	0.0	0.0	5
O=S(=O)(C(=C)C)N2CCC1(CN(CC)CCC1)(CC2)	0,01327	0E0	12.0	2.0	0.0	0.0	5
N=1OC(=C(C=1C)C(=C)C)C	0,00169	0E0	25.0	6.0	0.0	0.0	2
FC(F)(F)C(OC)(C(N)C)C(F)(F)F	0,02386	0E0	6.0	0.0	0.0	0.0	5
C=C(C)C(C(=C)C)N2CCC1(CN(C)CCC1)(C2)	0,01114	0E0	10.0	1.0	0.0	0.0	2
O=C(O)CSC	0,00379	0E0	19.0	4.0	0.0	0.0	5
C=CC(=C(C)C)C(C)C	0,00198	0E0	10.0	0.0	0.0	0.0	2
OC(=NC)NS	0,00687	0E0	8.0	0.0	0.0	0.0	5
N=C(O)NC1=CC=C(OC)C=C1	4,56E-6	0E0	45.0	9.0	0.0	0.0	5
C=C(N)C(=C(C)C)C	0,00215	0E0	13.0	1.0	0.0	0.0	2
N=C(N)N	0,02386	0E0	6.0	0.0	0.0	0.0	5
OCC(O)CNC	0,00106	0E0	11.0	0.0	0.0	0.0	5
C=CC(=CC)C(C(C=C)=CC)N2CCC1(CN(C)CCC1)(C2)	0,01114	0E0	10.0	1.0	0.0	0.0	2
N=NNN(C)C	0,01114	0E0	10.0	1.0	0.0	0.0	5
C=C(C1=CC=CC=C1C)C	7,1E-24	0E0	229.0	49.0	0.0	0.0	2
O=C(N(C)C)C(C)C	0,0035	0E0	17.0	3.0	0.0	0.0	5
O=S(=O)(NC(C1=CC=C(C=C1)C)C(=CCCC)CCC)C2=CC=C(C=C2)C(F)(F)F	0,02386	0E0	6.0	0.0	0.0	0.0	5
N=C(O)C(CC)C(N)C	3,5E-11	0E0	61.0	6.0	0.0	0.0	5
OC(=NC)CC(N=C(O)C1CNCCC1(N))CC(=CN)C(=C)C	0,00198	0E0	10.0	0.0	0.0	0.0	5
N=C(N=C1C=CNC=C1)C	0,00031	0E0	13.0	0.0	0.0	0.0	2
O=C(O)CC(N=C(O)CC(N)C)CCC	7,29E-7	0E0	58.0	13.0	0.0	0.0	5
CC(C)C(C)C	0,00492	0E0	14.0	2.0	0.0	0.0	5
OC(C)C(OC)N2C=NC1=C(N=CN=C12)NC(C)C	0,02386	0E0	6.0	0.0	0.0	0.0	5
N=CO	0,00057	0E0	12.0	0.0	0.0	0.0	5
OC=1C=CC(=C)CC=1C	0,01114	0E0	10.0	1.0	0.0	0.0	2
N(=C)C(=CC)C(=C)C	9,7E-79	0E0	465.0	42.0	0.0	0.0	2
OC(C)CNC(C)(C)C	0,03233	0E0	8.0	1.0	0.0	0.0	5
N=C(O)OCC(C=C)=CC	6,33E-7	0E0	42.0	6.0	0.0	0.0	2
O=C(C=1N=NSC=1)N3CCC2(CNC2)CC3	0,0345	0E0	10.0	2.0	0.0	0.0	5
C=CC(=CC)CN(C)C	0,02386	0E0	6.0	0.0	0.0	0.0	5
O=C(N3CCC2(CN(C1=CC=CC(=C1)C(=C)C)CCC2)(CC3))C	0,00368	0E0	9.0	0.0	0.0	0.0	2
O=C(N1CCCC2(C1)(CN(CC(=CC)C(O)=C)CC2))C	0,03233	0E0	8.0	1.0	0.0	0.0	5
FC(F)(F)C(=NC)NC	0,02386	0E0	6.0	0.0	0.0	0.0	2
N=C(N1CCOCC1)C	0,00022	0E0	17.0	1.0	0.0	0.0	2
N(=C)CCCCC	0,02386	0E0	6.0	0.0	0.0	0.0	2
OC(=NC(C(C=C)=CC)C1(C)(CC1(C(CC)CC)))C	0,00687	0E0	8.0	0.0	0.0	0.0	5
C=CC1=C(C)CN(C)CC1	0,0128	0E0	7.0	0.0	0.0	0.0	2
N1=CC=CC(=C1)C(=C)N	0,01327	0E0	12.0	2.0	0.0	0.0	2
N=C(C)SC=C	5,42E-7	0E0	52.0	10.0	0.0	0.0	5
OC(C)C1N2CCC(C1)C(C)C2	0,00368	0E0	9.0	0.0	0.0	0.0	5
O=C(O)C2CC2(C(NS(=O)(=O)C(=C)C)C1=CC=CC=C1)	0,02386	0E0	6.0	0.0	0.0	0.0	2
FC(C)(C)C(C=C)(C(=C)C)C	0,00016	0E0	14.0	0.0	0.0	0.0	5
O=C(C(=C)N)N2CCC1(CNC1)CC2	0,00009	0E0	36.0	8.0	0.0	0.0	5
O=C(C1=CC=C(C=C1)C(=C)C)N(C)C	0,00046	0E0	28.0	6.0	0.0	0.0	2
O(C=1C=C2C(=CC=1(OC))C(NCC2)C)C	0,00005	0E0	16.0	0.0	0.0	0.0	5
O=C(C(OC)=CC)N1CCC2(CC1)(CCN(CC)CC2)	0,01327	0E0	12.0	2.0	0.0	0.0	5
O=C(C(=C)N)N2CCC1(CN(C(=N)O)C1)CC2	0,00016	0E0	14.0	0.0	0.0	0.0	5
C=CC(=CN)C(=C)C	7,72E-9	0E0	30.0	0.0	0.0	0.0	2
C(#CC)C(=C)C	0,0345	0E0	10.0	2.0	0.0	0.0	2
N=C(N)C(=CC)C(=C)Cl	2,09E-6	0E0	21.0	0.0	0.0	0.0	2
N1(CC)CCCC(C1)(CC)CC	5,26E-9	0E0	76.0	16.0	0.0	0.0	5
C=C(N)C=1C=CC=C(C=1)NS	0,00368	0E0	9.0	0.0	0.0	0.0	2
N1(CCCCC1)CC(C)C	0,00215	0E0	13.0	1.0	0.0	0.0	5
OC(C)CC(O)(O)C	0,02151	0E0	11.0	2.0	0.0	0.0	5
O(C)C(C=C)C(C)C	0,00296	0E0	15.0	2.0	0.0	0.0	5
N#CC=2C=CC=C(N=C(O)N1CCC(C)(C)C1)C=2	0,00492	0E0	14.0	2.0	0.0	0.0	5
N=C(N)C1=CN=CC=C1	1,15E-7	0E0	30.0	1.0	0.0	0.0	2
N1=C(NC(=C1C)N(C)C)CC	0,03233	0E0	8.0	1.0	0.0	0.0	5
C(=C(C)C)C(C)C	0,02386	0E0	6.0	0.0	0.0	0.0	2
OC(=NC(C(=C)C)C(C)C)C(=C)C	0,00215	0E0	13.0	1.0	0.0	0.0	2
O(C(N)C)C(C)C	5,3E-21	0E0	109.0	8.0	0.0	0.0	5
O=C(C(=C)C)C(O)(C)C	4,70E-6	0E0	30.0	3.0	0.0	0.0	5
C=C(C)C(NC)C1(C)(CC1(C(CC)CC))	0,00687	0E0	8.0	0.0	0.0	0.0	5
OC(C(C)C)C(C)C	2,18E-6	0E0	25.0	1.0	0.0	0.0	5
N=C(NC(C)C)C	3,50E-8	0E0	45.0	5.0	0.0	0.0	2
N=C(C)CNC	5,6E-10	0E0	64.0	9.0	0.0	0.0	2
C=CC=2C1=CC=CC(=C1C(=C)CC=2C)C	0,02386	0E0	6.0	0.0	0.0	0.0	2
OC(C1=CC=CC=C1)(C)C	1,27E-6	0E0	38.0	5.0	0.0	0.0	5
N=1C=CSC=1CN	4,01E-6	0E0	43.0	8.0	0.0	0.0	5
NCC	0,02386	0E0	6.0	0.0	0.0	0.0	5
O=C(N)C1=CC=CS1	0,03233	0E0	8.0	1.0	0.0	0.0	2
O(C)CCN	1,3E-29	0E0	155.0	11.0	0.0	0.0	2
N=C(N)C=1C=CC(O)=C(OC)C=1	3,23E-7	0E0	24.0	0.0	0.0	0.0	2
N=C(O)CC(N=C(O)C)CC(C)C	0,00001	0E0	36.0	6.0	0.0	0.0	5
CC(Cl)(Cl)Cl	0,00892	0E0	15.0	3.0	0.0	0.0	5
OC1=CC=CC=C1C	0,00492	0E0	14.0	2.0	0.0	0.0	2
OC(C)CN	0,00013	0E0	18.0	1.0	0.0	0.0	5
N=2C1=CC=CC=C1SC=2S	0,00647	0E0	11.0	1.0	0.0	0.0	2
N=C(N)CCC	0,00111	0E0	26.0	6.0	0.0	0.0	5
C1=CC(=C(C=C1C)C)C	0,03233	0E0	8.0	1.0	0.0	0.0	5
O1C2CCC1C(C)C2	0,00198	0E0	10.0	0.0	0.0	0.0	5
N=C(O)C=1N=C(NC=1(N))CC	0,03233	0E0	8.0	1.0	0.0	0.0	5
OC1(C)(CC(=C(C=C)CC1(N(C)C))C)	0,00492	0E0	14.0	2.0	0.0	0.0	5
O=N(O)C(=CN)N(C)C	0,02386	0E0	6.0	0.0	0.0	0.0	5
O=C1N(C(C)C)C(C1)S	0,00002	0E0	21.0	1.0	0.0	0.0	5
O=C1CCC2C(C)C(CCC12(C))C(C)(C)C	0,0128	0E0	7.0	0.0	0.0	0.0	5
O=C(C1=CC=CN1C)N3CCC2(CCN(C(=N)O)CC2)CC3	0,00687	0E0	8.0	0.0	0.0	0.0	5
N=C(N)C1=CC=CC=C1(O)	7,72E-9	0E0	30.0	0.0	0.0	0.0	2
O=C(C1=CC2=C(N1CC(C(=O)C)=C(N)C)CC(C)C2C(N)(C)C)N3CCCC3	0,02386	0E0	6.0	0.0	0.0	0.0	2
OC1=C(C=C(C=C1CC(=C)C)C)C	0,00106	0E0	11.0	0.0	0.0	0.0	5
O=C(O)CC(C)(C)C	0,00368	0E0	9.0	0.0	0.0	0.0	5
OC(C)C(C(C)(C)C)C(C)(C)C	0,00647	0E0	11.0	1.0	0.0	0.0	5
N=C1C=CN=C(O)N1	0,0128	0E0	7.0	0.0	0.0	0.0	5
C=CC=C(C=CC)C	0,02386	0E0	6.0	0.0	0.0	0.0	5
OC(=NC)OC	0,00687	0E0	8.0	0.0	0.0	0.0	2
C=C(C(=CN)C(=C)C)C	0,0128	0E0	7.0	0.0	0.0	0.0	2
N#CC1=CC=C(C=C1)CN(C)C	2,90E-6	0E0	46.0	9.0	0.0	0.0	5
N=C(N)NCCN	0,00687	0E0	8.0	0.0	0.0	0.0	5
O=C1C=C(OC=C1C)C(=C)C	0,00016	0E0	14.0	0.0	0.0	0.0	2
OC(=NC(C=C)=CC)CN	0,01905	0E0	9.0	1.0	0.0	0.0	5
CC(Cl)Cl	0,00198	0E0	10.0	0.0	0.0	0.0	5
N=C1N=C(O)C(N)=CN1	0,00106	0E0	11.0	0.0	0.0	0.0	5
NC(C)C(C)CC	0,02386	0E0	6.0	0.0	0.0	0.0	5
OCC1=CCN(C)C1C	0,0128	0E0	7.0	0.0	0.0	0.0	5
OC(=NCC(O)CO)C	0,00368	0E0	9.0	0.0	0.0	0.0	5
OC(O)C(N)CC	0,02386	0E0	6.0	0.0	0.0	0.0	5
C=CC1=C(C)SC(=C)C(=CC)N1CCC	0,00561	0E0	16.0	3.0	0.0	0.0	2
C=CC(=CC)CCCN	0,0128	0E0	7.0	0.0	0.0	0.0	2
OC(C(=CC)C)C	0,0128	0E0	7.0	0.0	0.0	0.0	5
O=C1C=COC2=CC=CC(O)=C12	0,02386	0E0	6.0	0.0	0.0	0.0	2
N(=C)C(=CC)C(=C)S	0,00022	0E0	20.0	2.0	0.0	0.0	2
OC(=C(C=C)C(C)C)C	0,00057	0E0	12.0	0.0	0.0	0.0	2
O=C(O)OCC	0,0128	0E0	7.0	0.0	0.0	0.0	5
N=C(C1=CC=CC=C1)C	3,1E-22	0E0	107.0	6.0	0.0	0.0	2
OC(C=CC=CC)C	0,03233	0E0	8.0	1.0	0.0	0.0	5
N1(CC)CC2(C1)(CCN(CC2)S)	0,01905	0E0	9.0	1.0	0.0	0.0	5
OC(=NC1=CC=CC(=C1)C)C	0,0345	0E0	10.0	2.0	0.0	0.0	2
N=C(CN1CCC(CN)(C1)CC)S	0,02195	0E0	13.0	3.0	0.0	0.0	5
[Sb].[H].[H].[H]	0,03233	0E0	8.0	1.0	9.0	0.0	7
O(C)C(C(C)C)C(C)C	0,00003	0E0	29.0	4.0	0.0	0.0	5
N=C(NC(=C)C)C	1,9E-56	0E0	301.0	21.0	0.0	0.0	2
OC1(CC)(C2CCCC(C)(C)C2(CCC1(C)(C)))	0,00198	0E0	10.0	0.0	0.0	0.0	5
N(C)C1CCNCC1	8,84E-7	0E0	36.0	4.0	0.0	0.0	2
O=C1C=NC(=C)C(=NC)N1CC=2C=CC=C(OC)C=2	0,00106	0E0	11.0	0.0	0.0	0.0	2
O1C=CC(=C1C)C	0,0128	0E0	7.0	0.0	0.0	0.0	2
OC(=C(O)C)C(=C)C	0,00647	0E0	11.0	1.0	0.0	0.0	2
OC=1C=CC(C=C)=C(O)C=1	0,02386	0E0	6.0	0.0	0.0	0.0	2
FC(F)(F)O	0,00892	0E0	15.0	3.0	0.0	0.0	5
FC(C)(C)C(CC)C(C)C	0,00005	0E0	16.0	0.0	0.0	0.0	5
OC(N2C=NC1=C(N=CN=C12)NCC)C	0,01114	0E0	10.0	1.0	0.0	0.0	5
N=C(N)C=1C=C(C=CC=1(N))C(=C)C	1,4E-50	0E0	223.0	7.0	0.0	0.0	2
CC(C)(C)[Si]	0,00057	0E0	12.0	0.0	0.0	0.0	2
N=C(N)N1CC(C1)(CC)CC	0,00592	0E0	18.0	4.0	0.0	0.0	5
N=C1C=CN=C(N1)C	2,2E-42	0E0	161.0	1.0	0.0	0.0	2
N=C1N=C(O)N(C=C1)C(O)C	0,0128	0E0	7.0	0.0	0.0	0.0	5
O=C(C1=CC=C(C=C1)C(=N)N)N(C)C	2,71E-6	0E0	28.0	2.0	0.0	0.0	2
N1(C)CCCCC1	0,02151	0E0	11.0	2.0	0.0	0.0	5
N(C)(C)C(C)(C)CC	0,0345	0E0	10.0	2.0	0.0	0.0	5
C=C(C)C(CC)(C(N)C)C(N)C	0,01327	0E0	12.0	2.0	0.0	0.0	5
O=C(N)C(=NC)C(=C)S	5,1E-17	0E0	89.0	7.0	0.0	0.0	2
C=C(C)C(NC)C(C)C	0,00004	0E0	38.0	8.0	0.0	0.0	2
O=C(C(C=C)=CC)N(C)C	3,4E-10	0E0	65.0	9.0	0.0	0.0	2
O=C(N3CCC2(CCN(C(O)=NC1=CC=CC(=C1)C)CC2)CC3)C	0,00057	0E0	12.0	0.0	0.0	0.0	5
O(CC)C(C)(C)C	0,00368	0E0	9.0	0.0	0.0	0.0	5
N=C(N)N(C(=C)C)C	0,02386	0E0	6.0	0.0	0.0	0.0	5
N1CCC(C)CC1	0,01114	0E0	10.0	1.0	0.0	0.0	5
O(C=1C=C(C(=CC=1(OC))C(N)C)C)C	0,00198	0E0	10.0	0.0	0.0	0.0	5
O=C(O)NC1=NC(=C(N1)C)C	0,02386	0E0	6.0	0.0	0.0	0.0	2
C1=CC(=C(C=C1Cl)Cl)C	0,00022	0E0	20.0	2.0	0.0	0.0	2
N(C)CCCCC	0,00561	0E0	16.0	3.0	0.0	0.0	5
OC1=CC=CC2=CC=CC=C12	0,00687	0E0	8.0	0.0	0.0	0.0	2
O=C(N2CCC1(CN(C(=N)O)CCC1)(CC2))C	0,02386	0E0	6.0	0.0	0.0	0.0	5
O=C1C=C(OC2=CC(O)=CC(O)=C12)C	0,01905	0E0	9.0	1.0	0.0	0.0	2
FC(F)(F)C=1C=CC=C(N)C=1	1,19E-9	0E0	33.0	0.0	0.0	0.0	2
O=C(C=N)N(C)C	9,6E-31	0E0	111.0	0.0	0.0	0.0	2
N=C(O)C(C(=N)C)=C(O)C	4,56E-6	0E0	45.0	9.0	0.0	0.0	5
O=N(O)C1=CC=CC(=C1)C(C)C	0,02386	0E0	6.0	0.0	0.0	0.0	2
O=C(N(C(=N)C)C(C)C)C	3,2E-22	0E0	95.0	3.0	0.0	0.0	2
OC=1C=CC(=C(C=1(O))C(=C)C)C	0,02386	0E0	6.0	0.0	0.0	0.0	2
O=C(OC)C(O)(C)C	0,00032	0E0	31.0	7.0	0.0	0.0	5
O=S(=O)(O)C1=CC=CC(N)=C1	0,02386	0E0	6.0	0.0	0.0	0.0	5
C[Si](C)(C)C	0,02151	0E0	11.0	2.0	0.0	0.0	2
C=1C=C(C=C(C=1)C)C2=CC=C(C=C2)N(C)C	0,00198	0E0	10.0	0.0	0.0	0.0	2
C1=CCN(C=C1)C	0,02386	0E0	6.0	0.0	0.0	0.0	5
O=C(OCC)C(=C(N)C)C(N)C	0,0128	0E0	7.0	0.0	0.0	0.0	2
O=C1C(=NC(=CN)C(=N)N1C(C)C)C2=CC=C(OC)C=C2	0,00368	0E0	9.0	0.0	0.0	0.0	2
OC(OC=C)(C)C	0,02386	0E0	6.0	0.0	0.0	0.0	5
O=C1N=C(O)C=CN1C(O)C	0,00198	0E0	10.0	0.0	0.0	0.0	5
O=C(C1=CC(=CC(=C1)C)C)N2CCC3(CC2)(CCN(C)CC3)	0,00002	0E0	24.0	2.0	0.0	0.0	5
OC(=NC(C)C)C(CC)C(N)C	3,5E-11	0E0	61.0	6.0	0.0	0.0	5
N2CCC1(CN(CC)C1)CC2	0,00687	0E0	8.0	0.0	0.0	0.0	5
O=C(O)C(N=C(O)C)CC(C)C	0,02386	0E0	6.0	0.0	0.0	0.0	5
O=C(C(O)=C)N2CCC1(CN(C(=N)O)C1)CC2	0,00687	0E0	8.0	0.0	0.0	0.0	5
O=C(N2CCC1(CCN(C(O)=NC(C)C)CC1)CC2)C	0,03233	0E0	8.0	1.0	0.0	0.0	5
N=C(N)NC(C)C	0,00001	0E0	18.0	0.0	0.0	0.0	5
N=C(O)NC1CCCCC1	0,02386	0E0	6.0	0.0	0.0	0.0	5
NC1CC1	1,3E-52	0E0	244.0	10.0	0.0	0.0	2
OC(C)CC(O)C	8,15E-7	0E0	44.0	7.0	0.0	0.0	5
CC(C)(C)CC(C)(C)C	0,00057	0E0	12.0	0.0	0.0	0.0	5
N1(C)CCC(C)(C)C1	0,03233	0E0	8.0	1.0	0.0	0.0	5
NCC1(CN(C)CC1)(CC)	0,03233	0E0	8.0	1.0	0.0	0.0	5
O=C(C(C=C)=C(O)C)C	0,00032	0E0	31.0	7.0	0.0	0.0	2
CC(C)Cl	0,0128	0E0	7.0	0.0	0.0	0.0	5
N=C(N)C=1C=CC=C(OC)C=1	2,68E-8	0E0	28.0	0.0	0.0	0.0	2
O=C(C(C(=N)C)=C(O)C)N1CCCC2(C1)(CN(CC)CC2)	0,02386	0E0	6.0	0.0	0.0	0.0	5
OC(=NC(=C)C)CN(C)C	0,00368	0E0	9.0	0.0	0.0	0.0	5
N(=C)C(=NC)NCC	7,4E-17	0E0	85.0	6.0	0.0	0.0	2
O=C(O)C=1C=CC(O)=C(OC)C=1	0,03233	0E0	8.0	1.0	0.0	0.0	5
OC(=NC(C)C)N(CC)CC	0,00008	0E0	34.0	7.0	0.0	0.0	5
OC(C)C(NC)C(O)C	0,0128	0E0	7.0	0.0	0.0	0.0	5
OC1CCC(C)(C)CC1(C)(C)	0,00177	0E0	16.0	2.0	0.0	0.0	5
C=CC2=C(C)SC1=CC=CC=C1N2CCC	0,00561	0E0	16.0	3.0	0.0	0.0	2
NC(C)CCCCC	0,03233	0E0	8.0	1.0	0.0	0.0	5
OC(=NOC)C	0,00687	0E0	8.0	0.0	0.0	0.0	5
OC(=C)C(C(=C)C)=C(C)C	0,00037	0E0	19.0	2.0	0.0	0.0	2
N=C(N)C1=CC=CC=C1(N)	7,6E-60	0E0	244.0	4.0	0.0	0.0	2
O(C=C)C=C	1,8E-19	0E0	75.0	1.0	0.0	0.0	2
N1=CC=C(C=C1)N2CC3(C2)(CCN(C)CC3)	1,12E-6	0E0	22.0	0.0	0.0	0.0	5
N(=C(C(=C)C)C)C	0,02386	0E0	6.0	0.0	0.0	0.0	2
N=C(N)C(=CO)C=C	1,19E-9	0E0	33.0	0.0	0.0	0.0	2
O=C(N(C(=N)C)CCC(=C)C)C	4,8E-13	0E0	69.0	6.0	0.0	0.0	2
O=C(O)C(N(C)C)C(C)C	0,02386	0E0	6.0	0.0	0.0	0.0	5
C=CC(=CC)C(=C)N	1,5E-11	0E0	105.0	23.0	0.0	0.0	2
C1=CC=C2C(=C1)NC=C2CC	3,93E-6	0E0	54.0	13.0	0.0	0.0	5
N=C(N)C(=CC)C(=C)C	1,2E-22	0E0	87.0	1.0	0.0	0.0	2
O(C)C(C)C	1,1E-13	0E0	53.0	1.0	0.0	0.0	5
O=C(O)C(C)C(O)C	0,0128	0E0	7.0	0.0	0.0	0.0	5
FC1=CC=C(C=C1)NC	2,22E-9	0E0	32.0	0.0	0.0	0.0	2
OC(C(=C)N)=C(C)C	0,01905	0E0	9.0	1.0	0.0	0.0	5
C=1C=C(C=CC=1N(C)C)C	3,6E-10	0E0	91.0	20.0	0.0	0.0	2
O(C1=CC=C(C=C1)CC)C(=C)C	0,0128	0E0	7.0	0.0	0.0	0.0	5
OC(OC(C)C)(C)C	4,62E-7	0E0	40.0	5.0	0.0	0.0	5
FC=2C=CC=C(N=C(O)N1CC(C1)(CC)CC)C=2	0,01327	0E0	12.0	2.0	0.0	0.0	5
OC1(C)(CCC(C(C)C)C1(C)(C))	0,00014	0E0	35.0	8.0	0.0	0.0	5
O=C(N(C)C)CO	7,16E-8	0E0	54.0	9.0	0.0	0.0	5
O=C(C1=CC2=C(N1CC(=N)N)CCC2C)N(C)C	0,02386	0E0	6.0	0.0	0.0	0.0	2
N(C(=C(C)C)C)C	0,0003	0E0	29.0	6.0	0.0	0.0	2
N(=C(NN)NC)C	0,02386	0E0	6.0	0.0	0.0	0.0	5
O=C(C=1C(=NOC=1C)C)N3CCC2(CN(CC)CCC2)(CC3)	0,00198	0E0	10.0	0.0	0.0	0.0	5
N(=C)CCCC(N)C	0,00687	0E0	8.0	0.0	0.0	0.0	5
C=CC(C)C	0,02386	0E0	6.0	0.0	0.0	0.0	5
C=1C=C(C=CC=1C)CC	0,00811	0E0	13.0	2.0	0.0	0.0	5
NN(C)CCN	0,02386	0E0	6.0	0.0	0.0	0.0	5
O=C(O)C(=CC)CC	0,0128	0E0	7.0	0.0	0.0	0.0	5
O	3,23E-7	0E0	24.0	0.0	19594.0	0.0	1
NC(=CSC)C	0,00379	0E0	19.0	4.0	0.0	0.0	5
O=S(=O)(O)CC	0,00687	0E0	8.0	0.0	0.0	0.0	5
FC=2C=CC=C(N=C(O)N1CCC(C)(C)CC1)C=2	0,00811	0E0	13.0	2.0	0.0	0.0	5
OC(C)CN(C)(C)C	0,00009	0E0	15.0	0.0	0.0	0.0	5
N=CN(C(=C)N)C(O)C	0,00217	0E0	18.0	3.0	0.0	0.0	5
OC(C)(C)C(N(C)C)C(C)(C)C	0,00687	0E0	8.0	0.0	0.0	0.0	5
OC(C(C)C)C(O)(C)C	0,02386	0E0	6.0	0.0	0.0	0.0	5
O=C(C(=N)C)N2CCC1(CN(CC)CCC1)(CC2)	0,0345	0E0	10.0	2.0	0.0	0.0	5
NC(C)SCC	0,00002	0E0	24.0	2.0	0.0	0.0	5
C1=CC=C(C=C1)Cl	6,93E-8	0E0	70.0	16.0	0.0	0.0	2
C1=CC=C(C=C1)N(C)C	6,3E-20	0E0	71.0	0.0	0.0	0.0	2
FC(F)(F)C=1C=C(C=C(C=1)C(F)(F)F)CO	0,02386	0E0	6.0	0.0	0.0	0.0	2
N(=C)C(=CN)C	3,9E-12	0E0	62.0	5.0	0.0	0.0	2
OC=1C=CC(=CC=1C(C)(C)C)C	0,02386	0E0	6.0	0.0	0.0	0.0	5
N=NNN=C	0,0345	0E0	10.0	2.0	0.0	0.0	5
O=C(O)C(O)(C)C	0,01114	0E0	10.0	1.0	0.0	0.0	5
OC(C)C(N(C)C)CC	0,00004	0E0	23.0	2.0	0.0	0.0	5
O(C(=CC)CN)C	1,68E-7	0E0	70.0	17.0	0.0	0.0	2
O=S(=O)(C1=CC=CC=C1)N3CCCC2(CN(CC)CC2)(C3)	0,0345	0E0	10.0	2.0	0.0	0.0	2
OC(N2C=NC1=C(N=CN=C12)N)C	2,07E-7	0E0	29.0	1.0	0.0	0.0	5
O=S(=O)(NC(=C)N)C(C=C)=CC	0,01327	0E0	12.0	2.0	0.0	0.0	5
OC(=NC(C)C)CC(N)C	5,6E-18	0E0	175.0	39.0	0.0	0.0	5
NCCCCCN	0,02386	0E0	6.0	0.0	0.0	0.0	5
N(=C)C(=NC)N(C)C	1,0E-31	0E0	357.0	88.0	0.0	0.0	2
N=C(N)C=CN	1,0E-30	0E0	163.0	12.0	0.0	0.0	2
FC1=CC=C(C=C1)CN	1,22E-6	0E0	61.0	15.0	0.0	0.0	2
N=C(O)N1CC(C1)(CC)CC	5,6E-10	0E0	90.0	20.0	0.0	0.0	5
C=C1C=CC(=CC)C(=C)C1	0,02386	0E0	6.0	0.0	0.0	0.0	2
N=C(C)CCC	8,7E-13	0E0	100.0	18.0	0.0	0.0	2
O=C(O)C(=C)N	3,86E-7	0E0	43.0	6.0	0.0	0.0	5
OC(C)C(C)C(O)C	1,94E-8	0E0	33.0	1.0	0.0	0.0	5
O=C(O)C(N=C(O)C(=C)C)CC	0,02386	0E0	6.0	0.0	0.0	0.0	5
N=C(N(CC)CC)C	1,5E-14	0E0	101.0	15.0	0.0	0.0	2
O=C(C1=CC=C(C=C1)C(=C)N)N(C)C	0,01905	0E0	9.0	1.0	0.0	0.0	2
N(C)C(CC)C(C)C	5,93E-8	0E0	66.0	14.0	0.0	0.0	5
C=CC(=CN)CN	4,0E-10	0E0	62.0	8.0	0.0	0.0	2
N(=C(C=C)N(C)C)C	5,4E-16	0E0	78.0	5.0	0.0	0.0	2
OP	4,7E-29	0E0	169.0	16.0	0.0	0.0	5
CC(C)CC(C)C	1,7E-13	0E0	101.0	17.0	0.0	0.0	5
O=C(O)N1CCC2(CC1)(CCN(C(O)=NC(=C)C)CC2)	0,0345	0E0	10.0	2.0	0.0	0.0	5
OC(C(C=C)=CC)CNC	0,00492	0E0	14.0	2.0	0.0	0.0	5
O=C(C(=C)C)C(O)(O)C	0,02386	0E0	6.0	0.0	0.0	0.0	5
OC=1C=C(OC)C=CC=1CN	2,0E-16	0E0	58.0	0.0	0.0	0.0	2
O=C(O)N2CCC1(CCNCC1)CC2	5,42E-7	0E0	52.0	10.0	0.0	0.0	5
C=C(N)N1CC(C1)(CC)CC	2,71E-6	0E0	28.0	2.0	0.0	0.0	5
O(C)CCNC	0,00012	0E0	31.0	6.0	0.0	0.0	2
OC1=CC=C(C=C1CC)C(C)(C)C	0,00368	0E0	9.0	0.0	0.0	0.0	5
OC(=C)C1=CC=CC=C1(O)	0,02386	0E0	6.0	0.0	0.0	0.0	2
N=C(N=C(O)C(=C)N)N	0,00687	0E0	8.0	0.0	0.0	0.0	2
C1=C(C)C(C)(C)CCC1(C)C	0,02386	0E0	6.0	0.0	0.0	0.0	2
OC2CCN1CC=C(C)C12	0,0128	0E0	7.0	0.0	0.0	0.0	5
C=C1NC=C(C1(=CC))CC(N)C	4,29E-9	0E0	49.0	5.0	0.0	0.0	5
OC(=NC(C)C)N1CCCC(C1)(CC)CC	0,01905	0E0	9.0	1.0	0.0	0.0	5
O=C(N1CCCC2(C1)(CN(CC2)C(C)C))C	0,03233	0E0	8.0	1.0	0.0	0.0	2
N2=C1C(=CC)N(C)CC1=C(CC2=C)[Si]	0,02386	0E0	6.0	0.0	0.0	0.0	2
OC(=NCCNC)C	0,00003	0E0	29.0	4.0	0.0	0.0	2
N1C(=C(CS)CSC1C)C	0,00687	0E0	8.0	0.0	0.0	0.0	5
O=S(=O)(NC)C	1,1E-15	0E0	80.0	6.0	0.0	0.0	2
O=C(C(=N)C)N1CCC2(CC1)(CCN(C)CC2)	0,00111	0E0	26.0	6.0	0.0	0.0	5
C=C(N)C1=CC=C(N)C=C1	0,00198	0E0	10.0	0.0	0.0	0.0	2
O=C(C(C=C)=CC)N2CCC1(CN(C(N=C)=CC)CCC1)(CC2)	0,00687	0E0	8.0	0.0	0.0	0.0	2
N=C1N=C(O)C(N=C)=C(N)N1	0,0128	0E0	7.0	0.0	0.0	0.0	5
N=CC(C=C)=CC	0,00892	0E0	15.0	3.0	0.0	0.0	2
O=C1C(=C)C(=CC)C(=O)N1CC	0,0345	0E0	10.0	2.0	0.0	0.0	5
OC(C)COP	6,76E-7	0E0	27.0	1.0	0.0	0.0	5
O=C(N(C(=N)O)C)C	0,00022	0E0	34.0	8.0	0.0	0.0	5
O=C(OC)C4(N(C(=O)C1=CC=CC=C1)CC3CC2=C(C=C(C(=O)N(C)C)N2CC(C=C)=CC)C34)(CC5=CC=C(O)C=C5)	0,02151	0E0	11.0	2.0	0.0	0.0	5
N(=C)C(=NC)NC	1,2E-23	0E0	188.0	32.0	0.0	0.0	2
N=NNC(=N)C	0,02151	0E0	11.0	2.0	0.0	0.0	5
C=C(C=CC)[As]	0,00009	0E0	27.0	4.0	0.0	0.0	5
N=C(N)NC(=C)N	0,0007	0E0	15.0	1.0	0.0	0.0	5
C=CC(=C(C)S)Cl	0,02195	0E0	13.0	3.0	0.0	0.0	5
C=CC(C(=C)C)(C)C(C)C	0,00368	0E0	9.0	0.0	0.0	0.0	5
O=C(O)C1N(C)CCC1	0,02386	0E0	6.0	0.0	0.0	0.0	5
C1=C(C=C(C=C1C)CN(C)C)C	0,00001	0E0	36.0	6.0	0.0	0.0	5
C=C(N)N1CC2(C1)(CCN(C)CC2)	0,00057	0E0	12.0	0.0	0.0	0.0	5
NCC1=CC=CS1	1,0E-28	0E0	133.0	6.0	0.0	0.0	2
N(C)(C)C1CC1	3,2E-22	0E0	95.0	3.0	0.0	0.0	2
O=C(C=C)C(C)C	0,00647	0E0	11.0	1.0	0.0	0.0	5
C(=C(CC)C(C)(C)C)C	8,8E-12	0E0	75.0	10.0	0.0	0.0	5
O1C=CC(=C1)C	1,8E-19	0E0	75.0	1.0	0.0	0.0	2
C=C(N)C=C(C)[As]	0,02386	0E0	6.0	0.0	0.0	0.0	5
OC(C)CC=C	0,00106	0E0	11.0	0.0	0.0	0.0	5
CC1(C)(CCC(C(C)(C)C)C(C)(C)C1)	0,00057	0E0	12.0	0.0	0.0	0.0	5
CC1CC(C)(C)CCC1C(C)(C)C	8,31E-8	0E0	63.0	13.0	0.0	0.0	5
O=C(C1=CC=CN1C)N3CCC2(CN(C(=C)C)CCC2)(CC3)	0,00687	0E0	8.0	0.0	0.0	0.0	2
OC(=NC(C)C)N1CCC2(CC1)(CCN(C)CC2)	0,00592	0E0	18.0	4.0	0.0	0.0	5
N=C1NC=NC(N)=C1(N=C)	1,21E-6	0E0	26.0	1.0	0.0	0.0	5
O=C(O)C(N(C)C)CC	0,00009	0E0	15.0	0.0	0.0	0.0	5
FC1=CC=C(C=C1)C(OC)C(=C)C	0,02386	0E0	6.0	0.0	0.0	0.0	2
O=S(=O)(C(C=N)=C(N)C)N(CC)CC	0,02386	0E0	6.0	0.0	0.0	0.0	5
O=C1N(C(=C)C)C(C1)S	6,03E-7	0E0	23.0	0.0	0.0	0.0	5
OC(=C(C(=C)C)C(N)C)C	0,02386	0E0	6.0	0.0	0.0	0.0	5
O=C(O)NC(=N)N	0,02386	0E0	6.0	0.0	0.0	0.0	2
N=C(NC(=N)C)C	7,9E-93	0E0	410.0	12.0	0.0	0.0	2
N(=C)C(=NC)NC(C=C)=CC	3,8E-12	0E0	92.0	16.0	0.0	0.0	2
OC(C)C(OC)C(C)(C)C	0,02386	0E0	6.0	0.0	0.0	0.0	5
O=C(C=C)C=C	0,00015	0E0	37.0	9.0	0.0	0.0	5
O=S(=O)(NC(=N)S)C(C=C)=CC	0,0345	0E0	10.0	2.0	0.0	0.0	5
OC1=C(C=C(C=C1C(C)(C)C)C)CC	0,00001	0E0	18.0	0.0	0.0	0.0	5
C=C(C)C(C)(CC)C(C)(C)C	0,00198	0E0	10.0	0.0	0.0	0.0	5
N(=C)C1=CC=CC=C1S	0,00022	0E0	20.0	2.0	0.0	0.0	2
O=C(OCC(=O)C)C	0,0128	0E0	7.0	0.0	0.0	0.0	5
O=C(C1=CC=CN1C)N2CCC3(CC2)(CCN(C(=C)C)CC3)	0,02386	0E0	6.0	0.0	0.0	0.0	2
O(C)C(CN)CC	5,0E-10	0E0	79.0	15.0	0.0	0.0	2
N1C(=C(C)CC(=C1C)C)C	0,00198	0E0	10.0	0.0	0.0	0.0	2
OC=1C=CC(C=C)=CC=1(OC)	0,0128	0E0	7.0	0.0	0.0	0.0	2
N#CC(C#N)=CC	0,01327	0E0	12.0	2.0	0.0	0.0	2
OC(=NC)C(N)(C)C	0,02151	0E0	11.0	2.0	0.0	0.0	5
O=C(N1CCCCC1)CO	5,45E-6	0E0	40.0	7.0	0.0	0.0	5
CCC(C)(C(C)C)C(C)(C)C	2,18E-6	0E0	25.0	1.0	0.0	0.0	5
OC(C)(C)C1CCC(C)CC1(C)	0,02386	0E0	6.0	0.0	0.0	0.0	5
N=C(O)N(C=C)C(O)C	0,00003	0E0	17.0	0.0	0.0	0.0	5
CCSSC	0,0345	0E0	10.0	2.0	0.0	0.0	5
N=C(N)C1=CC=CC=C1C	1,2E-22	0E0	87.0	1.0	0.0	0.0	2
O=S(=O)(N1CCCC(C)(C)C1)C	0,00096	0E0	22.0	4.0	0.0	0.0	5
C=1C=C(C=C(C=1)Cl)NC	0,00198	0E0	10.0	0.0	0.0	0.0	2
NC(C)CSC	0,00811	0E0	13.0	2.0	0.0	0.0	5
OC(O)C(O)C(O)C	9,4E-10	0E0	42.0	2.0	0.0	0.0	5
C=C(C(=CC)C(=C)Cl)C	0,00002	0E0	21.0	1.0	0.0	0.0	2
C1=CC=C(C=C1)CNC	1,4E-13	0E0	68.0	5.0	0.0	0.0	2
N=C(O)CC(N)C	1,8E-19	0E0	183.0	39.0	0.0	0.0	5
NC(C)CC(C)(C)C	0,01905	0E0	9.0	1.0	0.0	0.0	5
N=C(N)C=1N=CN(C=1(N))C	0,0345	0E0	10.0	2.0	0.0	0.0	5
N=C(NC1=CC=CC=C1)C	4,14E-9	0E0	31.0	0.0	0.0	0.0	2
OC2CCCC3(O)(C1N(CCC23(C(=C(C=C)C1)C))CC4CC4)	0,02386	0E0	6.0	0.0	0.0	0.0	5
O(C)CC=C(CN)C(C)C	0,01905	0E0	9.0	1.0	0.0	0.0	5
N=C(O)C=1N=CC(=NC=1(N))N	0,0128	0E0	7.0	0.0	0.0	0.0	2
OC(=C)C(C(O)=C)=C(C)C	0,00198	0E0	10.0	0.0	0.0	0.0	5
C=C(N)C1=CC=CC=C1Cl	0,00198	0E0	10.0	0.0	0.0	0.0	2
O=C(C(=CC)N(C)C)N2CCC1(CN(C(C=C)=CC)CCC1)(CC2)	0,00687	0E0	8.0	0.0	0.0	0.0	2
N1CCNCC1	4,5E-19	0E0	122.0	15.0	0.0	0.0	2
O=C(C=1C(=NOC=1C)C)N2CCCC3(C2)(CN(CC)CC3)	0,02386	0E0	6.0	0.0	0.0	0.0	5
N=C(C)CCC(C=C)=CC	4,5E-18	0E0	90.0	6.0	0.0	0.0	2
C1=CC=C3C(=C1)N(C2=CC=CC=C2S3)CCC	0,00892	0E0	15.0	3.0	0.0	0.0	2
OC(C)C(CC)C(O)C	0,00687	0E0	8.0	0.0	0.0	0.0	5
OC(C)C(OC)C	1,7E-10	0E0	55.0	5.0	0.0	0.0	5
O(P)P	0,00022	0E0	17.0	1.0	0.0	0.0	5
FC(F)(F)C=1C=C(C=C(C=1)C(F)(F)F)CN	2,1E-14	0E0	108.0	18.0	0.0	0.0	5
OC(C)C(C)(C)C(C)C	0,00063	0E0	18.0	2.0	0.0	0.0	5
CCC(C)(C)C	3,90E-6	0E0	20.0	0.0	0.0	0.0	5
C1=CC=C(C=C1)CN2CCCCC2	5,47E-7	0E0	34.0	3.0	0.0	0.0	5
N=C(O)C1=NC(=C(N=C1(N))N)Cl	0,0128	0E0	7.0	0.0	0.0	0.0	2
P	4,6E-15	0E0	146.0	33.0	179.0	0.0	7
O=C(O)C1CC1(C(NC)C(=C)C)	0,00106	0E0	17.0	2.0	0.0	0.0	2
NCC1=CC(=CC=C1C)C(C)(C)C	0,02386	0E0	6.0	0.0	0.0	0.0	5
NCC(C)CC	0,00003	0E0	17.0	0.0	0.0	0.0	5
O=C(O)C(C)C(O)(C)C	0,02386	0E0	6.0	0.0	0.0	0.0	5
OC(=NC)C(C)(C)C	0,00811	0E0	13.0	2.0	0.0	0.0	5
NCCN(C)(C)C	2,09E-6	0E0	21.0	0.0	0.0	0.0	5
C=2C=C1NC=C3C1=C(C=2)C4CCCN(C)C4(C3)	0,00368	0E0	9.0	0.0	0.0	0.0	5
O(C(=C)C)CCCC	0,0345	0E0	10.0	2.0	0.0	0.0	2
OC(C(C=C)=C(C)Cl)C	0,02386	0E0	6.0	0.0	0.0	0.0	2
N#CC1=CC=CC=C1	8,30E-6	0E0	48.0	11.0	0.0	0.0	5
O=C(N1CCCC(C)(C)C1)CO	0,00215	0E0	13.0	1.0	0.0	0.0	5
C1=C(C=C(C=C1C(C)(C)C)Br)C	0,02386	0E0	6.0	0.0	0.0	0.0	2
N(C)(C)CC(C)C	8,24E-6	0E0	26.0	2.0	0.0	0.0	5
C=C1NC=C2C1=C(C)C3CCCN(C)C3(C2)	0,00368	0E0	9.0	0.0	0.0	0.0	5
OC1CC(=C)C(C)(CC1)C(C)C	0,00022	0E0	20.0	2.0	0.0	0.0	5
C=C(C)C(C(=C)C)C=1C=CC=C(N)C=1	0,0128	0E0	7.0	0.0	0.0	0.0	2
O=C(C(C=C)=CC)N1CCC2(CC1)(CCN(CC)CC2)	3,11E-8	0E0	48.0	6.0	0.0	0.0	5
CCC(C(C)(C)C)C(C)(C)C	1,17E-8	0E0	41.0	3.0	0.0	0.0	5
OC(N)C	8,1E-21	0E0	121.0	12.0	0.0	0.0	5
N(C)C(C)(C)C	2,76E-6	0E0	39.0	6.0	0.0	0.0	5
O=C(N1CCCCC1)C	0,02386	0E0	6.0	0.0	0.0	0.0	2
OC(=NC(CC)C(C)C)CC	3,6E-10	0E0	91.0	20.0	0.0	0.0	5
O1CCN(N)CC1	0,02386	0E0	6.0	0.0	0.0	0.0	5
C1=CC=C(C(=C1)C)Cl	1,06E-8	0E0	83.0	20.0	0.0	0.0	2
CCC(C)(C(C)C)C(C)C	1,3E-13	0E0	94.0	14.0	0.0	0.0	5
N=C(NCCOC)C	4,70E-6	0E0	30.0	3.0	0.0	0.0	2
O=C(OC)C(=C(N)C)C(C)C	0,00057	0E0	12.0	0.0	0.0	0.0	2
OC=1C=CC(=CC=1(O))C=C(C)C	0,02151	0E0	11.0	2.0	0.0	0.0	2
O=C(N(C(=C)C)N(C)C)C	0,00811	0E0	13.0	2.0	0.0	0.0	5
N(=C)C(C(=C)C)=C(N)C	0,01327	0E0	12.0	2.0	0.0	0.0	2
O=C(OC)N1CCC(C)(C)CC1	0,00002	0E0	35.0	6.0	0.0	0.0	5
C=C1C(=CC=CC1)CN	0,01905	0E0	9.0	1.0	0.0	0.0	2
OC(C)C2C(N)CC1NCC(=CC)C2(C1)	0,01905	0E0	9.0	1.0	0.0	0.0	5
OC(C)(C)CCN1CCCCC1	0,02386	0E0	6.0	0.0	0.0	0.0	5
N#CC=1C=CC=C(C=1)C(=N)N	1,73E-7	0E0	25.0	0.0	0.0	0.0	2
O=C(OC)N2CCC1(CN(C(O)=NC)C1)CC2	0,00687	0E0	8.0	0.0	0.0	0.0	5
O=C(O)C4(N(C)CC3CC1=C(C=C(C(=O)N(C)C)N1CC2=CC=CC=C2)C34)(CC)	0,0345	0E0	10.0	2.0	0.0	0.0	5
O=C(N(C(=N)C)CC(=CC)C(=C)Cl)C	0,00198	0E0	10.0	0.0	0.0	0.0	2
C1=CC=C2C(=C1)NC=C2C	7,1E-13	0E0	80.0	10.0	0.0	0.0	2
FC=2C=CC=C(N=C(O)N1CCC1)C=2	0,01327	0E0	12.0	2.0	0.0	0.0	5
O=C(C)C(C)(C)C	0,00368	0E0	9.0	0.0	0.0	0.0	5
N1(CCC)CCCC1	0,00687	0E0	8.0	0.0	0.0	0.0	5
N(=C(N(C)C)S)C	0,02386	0E0	6.0	0.0	0.0	0.0	2
N(N)=C(C=C)C=C	0,0128	0E0	7.0	0.0	0.0	0.0	5
O=C(O)C(C)C	2,1E-12	0E0	98.0	18.0	0.0	0.0	5
O1C(C=C)=C(C)CC=C1C(=C)C	0,00368	0E0	9.0	0.0	0.0	0.0	2
N(C)CC(C)C	0,02386	0E0	6.0	0.0	0.0	0.0	5
C=C(N(C(=C)C)CCCN1CCN(C)CC1)C	0,02386	0E0	6.0	0.0	0.0	0.0	2
O=C(OC)N2CC5=C3C(CCC4C(OCC=1C=CC(F)=CC=1C(F)(F)F)OCC2(C)C34)C(CO)C(C)C5CC	0,00368	0E0	9.0	0.0	0.0	0.0	5
O1C(=CC)C(=C)CC=C1C(=C)C	0,00215	0E0	13.0	1.0	0.0	0.0	2
FC(=C)C=C(F)C	5,26E-9	0E0	76.0	16.0	0.0	0.0	2
O(C)C(CC)CC	7,74E-7	0E0	60.0	14.0	0.0	0.0	5
N#CCC	8,9E-17	0E0	106.0	13.0	0.0	0.0	2
OC1=CC=C(C=C1)C(N)C	0,01905	0E0	9.0	1.0	0.0	0.0	5
O=C1CCC(C)C1(C)C	0,00811	0E0	13.0	2.0	0.0	0.0	5
NC(=C(NC)N(C)C)C	0,00057	0E0	12.0	0.0	0.0	0.0	5
OC(C=COC(O)(C)C)C	0,02386	0E0	6.0	0.0	0.0	0.0	5
C=C2C(=CC)C1=CC=CC=C1C2	0,01905	0E0	9.0	1.0	0.0	0.0	2
O=C(OC(C)C)C(C)C(O)C	0,02386	0E0	6.0	0.0	0.0	0.0	5
N=C(O)C=1C(=NOC=1C)C	0,00003	0E0	41.0	9.0	0.0	0.0	5
C=C(N)C(C(=C)C)CC	0,02386	0E0	6.0	0.0	0.0	0.0	5
N=C(O)CC(N=C(O)CC(N)C)CCC	0,00169	0E0	25.0	6.0	0.0	0.0	5
OC(C)CC(N)C	1,7E-10	0E0	58.0	6.0	0.0	0.0	5
N=C(C=1C=CC=C(C=1)Cl)C	0,00106	0E0	11.0	0.0	0.0	0.0	2
C(=C(C)C)(N(C)C)C	0,00217	0E0	18.0	3.0	0.0	0.0	2
C=CC=CC=CC	1,82E-7	0E0	39.0	4.0	0.0	0.0	5
C=C(C=1C=CC=C(C=1)NS)C	7,72E-9	0E0	30.0	0.0	0.0	0.0	2
N=C(N)NCCCCN	0,02386	0E0	6.0	0.0	0.0	0.0	5
N=C(O)C(C)C1CC1(C)(C(N)C)	5,03E-6	0E0	47.0	10.0	0.0	0.0	2
O=C1C(=NC(=C)C(=NC)N1CC2=CC=CC=C2)C	1,11E-6	0E0	57.0	13.0	0.0	0.0	2
O=C(N)C(=O)CC	0,00368	0E0	9.0	0.0	0.0	0.0	5
OC1=CC=CC2=C1C(C)(C)CC(N)C2	0,00492	0E0	14.0	2.0	0.0	0.0	5
O=C(C1=CC=C(OC)C=C1)N2CCC(CC)(CC)CC2	0,00215	0E0	13.0	1.0	0.0	0.0	5
O(C1=CC=CC=C1CN(C)C)C	5,89E-8	0E0	44.0	5.0	0.0	0.0	5
N=C(O)CC(C)C	0,00368	0E0	9.0	0.0	0.0	0.0	5
OC(=C)C1=CC=C(O)C=C1	0,0128	0E0	7.0	0.0	0.0	0.0	2
C=C(N)C(=CC)C(C)(C)C	0,00241	0E0	20.0	4.0	0.0	0.0	5
N=C(N)N2CCC1(CCNCC1)CC2	0,00014	0E0	26.0	4.0	0.0	0.0	5
OC(O)C	0,00198	0E0	10.0	0.0	0.0	0.0	5
NC1=CC=CC(=C1)C2=CC=CC=C2	0,00002	0E0	42.0	9.0	0.0	0.0	2
FC(F)(F)C1=CC=C(C=C1)CC	0,00368	0E0	9.0	0.0	0.0	0.0	5
O=S(=O)(N2CCC1(CCN(C(O)=NC(C=C)=CC)CC1)CC2)C	0,02386	0E0	6.0	0.0	0.0	0.0	5
N=C(N)C=1C=CC=C(C=1)NS	3,4E-10	0E0	35.0	0.0	0.0	0.0	2
O=C(N(C(=N)C)CC1=CC=CC=C1)C	0,00106	0E0	11.0	0.0	0.0	0.0	2
OC=1C=CC(=CC)C(=C)C=1	0,00217	0E0	18.0	3.0	0.0	0.0	2
N(=C1NC(C=C)=C(N1)C)C	0,02386	0E0	6.0	0.0	0.0	0.0	2
CCC1CCC(C)N1(C)(C)	0,00016	0E0	14.0	0.0	0.0	0.0	5
C=CC(C(C)C)C(C)C	0,00368	0E0	9.0	0.0	0.0	0.0	5
C=CC=C(C)[As]	0,0003	0E0	22.0	3.0	0.0	0.0	5
OC(=NC(C)C)OCC	8,15E-7	0E0	44.0	7.0	0.0	0.0	2
C=C2CN1CCC(C)(C)C1CC2	0,03233	0E0	8.0	1.0	0.0	0.0	5
C=C(C(C(=C)C)=C(N)C)C	0,01327	0E0	12.0	2.0	0.0	0.0	2
N=C(N1CCN(C)CC1)C	2,20E-9	0E0	44.0	3.0	0.0	0.0	2
N(=C1C=CNC=C1)C	0,00215	0E0	13.0	1.0	0.0	0.0	2
O=C(O)CCC(C)C	0,0128	0E0	7.0	0.0	0.0	0.0	5
OC(C)C(OC)C(O)C	1,2E-12	0E0	44.0	0.0	0.0	0.0	5
N=C(O)NC	0,01114	0E0	10.0	1.0	0.0	0.0	5
O=C(C(O)=C)C(=C)C	0,00037	0E0	24.0	4.0	0.0	0.0	2
N=C(O)CN1CCNCC1	0,0128	0E0	7.0	0.0	0.0	0.0	5
OC(=C)C=1C(O)=CC=CC=1C	0,00687	0E0	8.0	0.0	0.0	0.0	5
O=C(C(=O)C)N(C)C	0,00198	0E0	10.0	0.0	0.0	0.0	5
O=C(N1CCC2(CC1)(CCN(CC)CC2))C	4,00E-9	0E0	60.0	9.0	0.0	0.0	5
OC1CCC(C)(C(C)C)C(C)C1	4,48E-6	0E0	38.0	6.0	0.0	0.0	5
O=C(O)C4CC4(C(NP(=O)(C1=CC=CC=C1)C2=CC=CC=C2)C3=CC=CC=C3)	0,00687	0E0	8.0	0.0	0.0	0.0	5
O=C(O)NC(C1=CC=CC=C1)C2CC2(C)	0,0128	0E0	7.0	0.0	0.0	0.0	2
N(=C)C(=NC)C(=C)C	3,E-102	0E0	404.0	4.0	0.0	0.0	2
N=C(O)NC(=N)C	2,2E-66	0E0	298.0	10.0	0.0	0.0	2
FC(C)(C)C(O)CC	0,00005	0E0	16.0	0.0	0.0	0.0	5
OC(CN)CN	0,00687	0E0	8.0	0.0	0.0	0.0	5
O=C1C(=C)C(=CC)C(=O)N1C(=C)C	0,00687	0E0	8.0	0.0	0.0	0.0	5
O(C1=CC=CC=C1N2CCN(CC2)CCC)C	0,0345	0E0	10.0	2.0	0.0	0.0	5
C1=C(C=C(C=C1C)C)C	0,0004	0E0	16.0	1.0	0.0	0.0	5
O=S(=O)(NC(=N)O)C(C=C)=CC	0,00001	0E0	18.0	0.0	0.0	0.0	5
C1=CC=C(C=C1)N2CC3(C2)(CCN(C)CC3)	0,01114	0E0	10.0	1.0	0.0	0.0	5
O=C(C(=C)C)N3CCC2(CN(C1=CC=CC=C1)C2)CC3	0,0128	0E0	7.0	0.0	0.0	0.0	5
O=C(C1=CC2=C(N1CCC(=C)N)CC(C)C2C(N)(C)C)N3CCCC3	0,02386	0E0	6.0	0.0	0.0	0.0	5
O1CCN(CN)CC1	0,02386	0E0	6.0	0.0	0.0	0.0	5
N(=C(C(=C)C)N(N)C)C	0,03233	0E0	8.0	1.0	0.0	0.0	2
OC=1C=CC(=C(OC)C=1)CN	2,0E-16	0E0	58.0	0.0	0.0	0.0	2
NCCN(C)S	0,00022	0E0	20.0	2.0	0